,path,Speaker_gender
0,/home/peterr/macocu/task11/data_gender/seg.IF1blZ6YSMA_14805.76-14812.79.wav,F
1,/home/peterr/macocu/task11/data_gender/seg.on9WnAhubWg_12584.33-12599.73.wav,F
2,/home/peterr/macocu/task11/data_gender/seg.IF1blZ6YSMA_15104.48-15124.11.wav,F
3,/home/peterr/macocu/task11/data_gender/seg.IF1blZ6YSMA_15143.3-15163.11.wav,F
4,/home/peterr/macocu/task11/data_gender/seg.wRedcoBr6Qk_10795.62-10814.97.wav,F
5,/home/peterr/macocu/task11/data_gender/seg.9UCrtnKBgqs_15502.17-15521.49.wav,F
6,/home/peterr/macocu/task11/data_gender/seg.wRedcoBr6Qk_10076.27-10088.25.wav,F
7,/home/peterr/macocu/task11/data_gender/seg.HlauTe_NK6U_12901.39-12921.09.wav,F
8,/home/peterr/macocu/task11/data_gender/seg.O-3YNW9gAaw_2696.35-2708.53.wav,F
9,/home/peterr/macocu/task11/data_gender/seg.j2243qnSAZc_21233.62-21248.91.wav,F
10,/home/peterr/macocu/task11/data_gender/seg.0m0xyKyqqlA_11494.42-11513.98.wav,F
11,/home/peterr/macocu/task11/data_gender/seg.fZOW76tl9E8_4804.71-4824.57.wav,F
12,/home/peterr/macocu/task11/data_gender/seg.Hr5kNf8OytU_20655.38-20675.35.wav,F
13,/home/peterr/macocu/task11/data_gender/seg.amGNo5659ms_11461.98-11469.23.wav,F
14,/home/peterr/macocu/task11/data_gender/seg.l8zdyfQzMbc_19852.92-19872.83.wav,F
15,/home/peterr/macocu/task11/data_gender/seg.4f2EekXCNas_11009.41-11029.29.wav,F
16,/home/peterr/macocu/task11/data_gender/seg.YFGScZznWNY_5003.74-5009.43.wav,F
17,/home/peterr/macocu/task11/data_gender/seg.JxzqEMWNUro_18454.09-18474.04.wav,F
18,/home/peterr/macocu/task11/data_gender/seg.HJps7tTjkpg_4081.55-4101.43.wav,F
19,/home/peterr/macocu/task11/data_gender/seg.IF1blZ6YSMA_15234.5-15254.03.wav,F
20,/home/peterr/macocu/task11/data_gender/seg.4KAefCQbnnM_19383.88-19398.79.wav,F
21,/home/peterr/macocu/task11/data_gender/seg.vsnqvRMj2N8_6871.57-6891.57.wav,F
22,/home/peterr/macocu/task11/data_gender/seg.8DJUjkE6g2A_8727.99-8738.17.wav,F
23,/home/peterr/macocu/task11/data_gender/seg.4KAefCQbnnM_19102.16-19122.05.wav,F
24,/home/peterr/macocu/task11/data_gender/seg.MpLv6KlBcpQ_21543.76-21563.16.wav,F
25,/home/peterr/macocu/task11/data_gender/seg.SvOjrvZ4PlY_13370.79-13390.59.wav,F
26,/home/peterr/macocu/task11/data_gender/seg.kr7AcaY6GaU_5109.05-5128.65.wav,F
27,/home/peterr/macocu/task11/data_gender/seg.oF5_Yejpjgc_8559.6-8566.35.wav,F
28,/home/peterr/macocu/task11/data_gender/seg.bFuM6vBlCQE_22512.56-22532.47.wav,F
29,/home/peterr/macocu/task11/data_gender/seg.kr7AcaY6GaU_5366.46-5386.24.wav,F
30,/home/peterr/macocu/task11/data_gender/seg.oF5_Yejpjgc_8753.85-8773.73.wav,F
31,/home/peterr/macocu/task11/data_gender/seg.0n_W0iHVhpU_2981.15-3001.09.wav,F
32,/home/peterr/macocu/task11/data_gender/seg.4WVLXQtcQ5c_13362.06-13381.34.wav,F
33,/home/peterr/macocu/task11/data_gender/seg.C2P-jPLGFSk_15888.48-15907.92.wav,F
34,/home/peterr/macocu/task11/data_gender/seg.GfIdrQfYN4A_4357.81-4375.2.wav,F
35,/home/peterr/macocu/task11/data_gender/seg.5Kq_FBO-iDk_3813.47-3814.33.wav,F
36,/home/peterr/macocu/task11/data_gender/seg.oF5_Yejpjgc_8910.89-8930.14.wav,F
37,/home/peterr/macocu/task11/data_gender/seg.PAKRaXXMxVY_10184.97-10204.93.wav,F
38,/home/peterr/macocu/task11/data_gender/seg.8DJUjkE6g2A_8606.69-8626.43.wav,F
39,/home/peterr/macocu/task11/data_gender/seg.xC6B2N9RvdQ_9433.44-9453.12.wav,F
40,/home/peterr/macocu/task11/data_gender/seg.y2d5LOhu3Zk_11274.73-11290.55.wav,F
41,/home/peterr/macocu/task11/data_gender/seg.3BpXkh8n9Rw_4465.21-4485.01.wav,F
42,/home/peterr/macocu/task11/data_gender/seg.14gZyn_QyTw_11838.15-11857.79.wav,F
43,/home/peterr/macocu/task11/data_gender/seg.y9Sce1RIPM8_14066.82-14085.78.wav,F
44,/home/peterr/macocu/task11/data_gender/seg.y2Vs3GXDVyk_16067.69-16087.28.wav,F
45,/home/peterr/macocu/task11/data_gender/seg.-EO06cT21uY_5083.61-5103.24.wav,F
46,/home/peterr/macocu/task11/data_gender/seg.TFTtk2nFs6I_12099.04-12118.84.wav,F
47,/home/peterr/macocu/task11/data_gender/seg.tutWN0KpWAw_21064.22-21066.1.wav,F
48,/home/peterr/macocu/task11/data_gender/seg.3BpXkh8n9Rw_4515.49-4535.02.wav,F
49,/home/peterr/macocu/task11/data_gender/seg.vUcOuoVdoMg_8324.23-8344.15.wav,F
50,/home/peterr/macocu/task11/data_gender/seg.8LAI5kcBfVs_16780.26-16793.82.wav,F
51,/home/peterr/macocu/task11/data_gender/seg.CgZu2BS9DIo_969.85-989.37.wav,F
52,/home/peterr/macocu/task11/data_gender/seg.C-7-3Cxi7WU_5500.9-5520.11.wav,F
53,/home/peterr/macocu/task11/data_gender/seg.HJps7tTjkpg_6429.22-6449.2.wav,F
54,/home/peterr/macocu/task11/data_gender/seg.1DSAO-5loYo_4113.74-4129.89.wav,F
55,/home/peterr/macocu/task11/data_gender/seg.rC8whgT9jrU_12006.53-12026.34.wav,F
56,/home/peterr/macocu/task11/data_gender/seg.05ONqG97F-0_2929.82-2949.52.wav,F
57,/home/peterr/macocu/task11/data_gender/seg.gQz37Zto7cE_6452.07-6464.31.wav,F
58,/home/peterr/macocu/task11/data_gender/seg.3ELsSguCWM4_7229.02-7248.95.wav,F
59,/home/peterr/macocu/task11/data_gender/seg.08nTrgdbSeM_4165.99-4180.83.wav,F
60,/home/peterr/macocu/task11/data_gender/seg.DUsdmFyClVI_2296.14-2315.9.wav,F
61,/home/peterr/macocu/task11/data_gender/seg.YaBXOzUUd-0_2767.74-2786.8.wav,F
62,/home/peterr/macocu/task11/data_gender/seg.fO_0QkfOgis_4828.35-4846.17.wav,F
63,/home/peterr/macocu/task11/data_gender/seg.vRMwK8TW_tw_15860.98-15870.91.wav,F
64,/home/peterr/macocu/task11/data_gender/seg.a6ZwGqUTXuU_4088.44-4107.58.wav,F
65,/home/peterr/macocu/task11/data_gender/seg.z7dLHsAfSdI_4916.89-4936.52.wav,F
66,/home/peterr/macocu/task11/data_gender/seg.nSH6V9Z2eNI_8085.74-8105.13.wav,F
67,/home/peterr/macocu/task11/data_gender/seg.C-7-3Cxi7WU_11420.42-11428.22.wav,F
68,/home/peterr/macocu/task11/data_gender/seg.w-mXysdhZaU_10918.71-10938.6.wav,F
69,/home/peterr/macocu/task11/data_gender/seg.iDjFgBnXNrs_5521.76-5541.67.wav,F
70,/home/peterr/macocu/task11/data_gender/seg.ARIAGjO3P9c_4336.69-4356.54.wav,F
71,/home/peterr/macocu/task11/data_gender/seg.6UtLzazc67o_16656.83-16676.41.wav,F
72,/home/peterr/macocu/task11/data_gender/seg.amGNo5659ms_6518.35-6537.66.wav,F
73,/home/peterr/macocu/task11/data_gender/seg.6UtLzazc67o_16676.56-16696.38.wav,F
74,/home/peterr/macocu/task11/data_gender/seg.Ux94YXzTmpo_4834.93-4854.79.wav,F
75,/home/peterr/macocu/task11/data_gender/seg.Kjyn-8vCedk_13214.43-13233.8.wav,F
76,/home/peterr/macocu/task11/data_gender/seg.Ffp0qCvvwOQ_7429.15-7448.88.wav,F
77,/home/peterr/macocu/task11/data_gender/seg.2fQFB7EUWeg_9028.04-9047.68.wav,F
78,/home/peterr/macocu/task11/data_gender/seg.iaSzdQ2bAew_8765.04-8785.02.wav,F
79,/home/peterr/macocu/task11/data_gender/seg.fYefibhmjGE_6618.3-6637.6.wav,F
80,/home/peterr/macocu/task11/data_gender/seg.kwPRgrlJYB8_1192.82-1212.66.wav,F
81,/home/peterr/macocu/task11/data_gender/seg.tvTuGZ_fgLM_1393.42-1408.61.wav,F
82,/home/peterr/macocu/task11/data_gender/seg.b6xbH3vaOB0_15102.91-15122.85.wav,F
83,/home/peterr/macocu/task11/data_gender/seg.C5AIqruVTag_12548.34-12556.36.wav,F
84,/home/peterr/macocu/task11/data_gender/seg.aPVISDSjwcE_19218.27-19237.76.wav,F
85,/home/peterr/macocu/task11/data_gender/seg.A44UFMcUAMU_3744.31-3764.15.wav,F
86,/home/peterr/macocu/task11/data_gender/seg.b6xbH3vaOB0_14737.49-14740.81.wav,F
87,/home/peterr/macocu/task11/data_gender/seg.BdKEjiXdnEc_21264.95-21284.23.wav,F
88,/home/peterr/macocu/task11/data_gender/seg.xkLml1cYbQw_15016.04-15028.23.wav,F
89,/home/peterr/macocu/task11/data_gender/seg.WBXffMn1G1E_15561.61-15579.41.wav,F
90,/home/peterr/macocu/task11/data_gender/seg.tLvMF9pRrrU_21520.72-21540.65.wav,F
91,/home/peterr/macocu/task11/data_gender/seg.GedIwR0D7bc_10275.35-10294.6.wav,F
92,/home/peterr/macocu/task11/data_gender/seg.aPVISDSjwcE_19049.69-19063.39.wav,F
93,/home/peterr/macocu/task11/data_gender/seg.4_yZqDEYbaw_19205.03-19224.65.wav,F
94,/home/peterr/macocu/task11/data_gender/seg.A44UFMcUAMU_3553.59-3573.58.wav,F
95,/home/peterr/macocu/task11/data_gender/seg.C5AIqruVTag_12234.64-12250.47.wav,F
96,/home/peterr/macocu/task11/data_gender/seg.wIZU5TbDct4_11033.87-11053.81.wav,F
97,/home/peterr/macocu/task11/data_gender/seg.PliNdWocAg4_20981.19-20994.66.wav,F
98,/home/peterr/macocu/task11/data_gender/seg.2vEP630Av0s_16310.49-16321.41.wav,F
99,/home/peterr/macocu/task11/data_gender/seg.tLvMF9pRrrU_21565.05-21584.25.wav,F
100,/home/peterr/macocu/task11/data_gender/seg.oCdR2ybzGzI_10257.49-10277.26.wav,F
101,/home/peterr/macocu/task11/data_gender/seg.tvTuGZ_fgLM_4185.94-4200.4.wav,F
102,/home/peterr/macocu/task11/data_gender/seg.6EuGqDbXDRw_9179.83-9194.36.wav,F
103,/home/peterr/macocu/task11/data_gender/seg.EdneBkSz0DA_16336.78-16356.48.wav,F
104,/home/peterr/macocu/task11/data_gender/seg.5yky-shnXCM_1607.19-1626.15.wav,F
105,/home/peterr/macocu/task11/data_gender/seg.l_K8z4JMT9k_15701.25-15721.11.wav,F
106,/home/peterr/macocu/task11/data_gender/seg.Zq_p2_SIZHI_7199.65-7219.52.wav,F
107,/home/peterr/macocu/task11/data_gender/seg.l_K8z4JMT9k_15422.37-15429.08.wav,F
108,/home/peterr/macocu/task11/data_gender/seg.tvTuGZ_fgLM_3972.32-3990.7.wav,F
109,/home/peterr/macocu/task11/data_gender/seg.6u3iGUTrdoo_19816.91-19836.84.wav,F
110,/home/peterr/macocu/task11/data_gender/seg.A44UFMcUAMU_2251.14-2262.06.wav,F
111,/home/peterr/macocu/task11/data_gender/seg.C5AIqruVTag_8059.38-8069.91.wav,F
112,/home/peterr/macocu/task11/data_gender/seg.A44UFMcUAMU_2127.58-2138.24.wav,F
113,/home/peterr/macocu/task11/data_gender/seg.SRhyViQQhoM_5454.04-5462.93.wav,F
114,/home/peterr/macocu/task11/data_gender/seg.qWbLMM4HNvE_17790.51-17810.32.wav,F
115,/home/peterr/macocu/task11/data_gender/seg.i2cfKyLYdWQ_3396.96-3415.07.wav,F
116,/home/peterr/macocu/task11/data_gender/seg.pmllF5pvtDA_12274.6-12290.76.wav,F
117,/home/peterr/macocu/task11/data_gender/seg.00ssxRS5L-4_10534.1-10553.69.wav,F
118,/home/peterr/macocu/task11/data_gender/seg.9iFCKtK5gdI_9570.42-9590.29.wav,F
119,/home/peterr/macocu/task11/data_gender/seg.4_yZqDEYbaw_21361.2-21381.2.wav,F
120,/home/peterr/macocu/task11/data_gender/seg.G_-Ky7hOB1c_7457.48-7477.3.wav,F
121,/home/peterr/macocu/task11/data_gender/seg.wIZU5TbDct4_1954.06-1972.65.wav,F
122,/home/peterr/macocu/task11/data_gender/seg.05ONqG97F-0_4699.65-4719.55.wav,F
123,/home/peterr/macocu/task11/data_gender/seg.K9IqJo93eoM_14941.36-14953.86.wav,F
124,/home/peterr/macocu/task11/data_gender/seg.MJ9sB3Mu0Sw_10072.57-10092.43.wav,F
125,/home/peterr/macocu/task11/data_gender/seg.2kUQdzTlrcw_5697.83-5714.53.wav,F
126,/home/peterr/macocu/task11/data_gender/seg.MLOFJlAByCI_14189.72-14206.29.wav,F
127,/home/peterr/macocu/task11/data_gender/seg.fUgeflZ_KAE_1124.61-1143.33.wav,F
128,/home/peterr/macocu/task11/data_gender/seg.C5AIqruVTag_15159.97-15174.91.wav,F
129,/home/peterr/macocu/task11/data_gender/seg.uw9F1iFk36s_4269.8-4289.7.wav,F
130,/home/peterr/macocu/task11/data_gender/seg.yBTNOGgKNLE_11214.5-11232.88.wav,F
131,/home/peterr/macocu/task11/data_gender/seg.bJ7jR4JlGpA_1881.11-1899.12.wav,F
132,/home/peterr/macocu/task11/data_gender/seg.fUgeflZ_KAE_1373.38-1388.24.wav,F
133,/home/peterr/macocu/task11/data_gender/seg.vRMwK8TW_tw_13061.3-13077.62.wav,F
134,/home/peterr/macocu/task11/data_gender/seg.8YoRepMrTfc_8226.22-8243.49.wav,F
135,/home/peterr/macocu/task11/data_gender/seg.MJ9sB3Mu0Sw_10267.39-10287.14.wav,F
136,/home/peterr/macocu/task11/data_gender/seg.iVix4dxTdZQ_7256.57-7275.66.wav,F
137,/home/peterr/macocu/task11/data_gender/seg.bJ7jR4JlGpA_2234.26-2249.87.wav,F
138,/home/peterr/macocu/task11/data_gender/seg.K9IqJo93eoM_15074.35-15093.3.wav,F
139,/home/peterr/macocu/task11/data_gender/seg.YODoaZEf0AA_3503.36-3523.04.wav,F
140,/home/peterr/macocu/task11/data_gender/seg.COa-0-o_dbc_21040.66-21053.72.wav,F
141,/home/peterr/macocu/task11/data_gender/seg.GHHR1sqEfyg_2440.6-2451.94.wav,F
142,/home/peterr/macocu/task11/data_gender/seg.IF1blZ6YSMA_10758.33-10778.29.wav,F
143,/home/peterr/macocu/task11/data_gender/seg.y5Rpk9AIbMY_6863.13-6878.6.wav,F
144,/home/peterr/macocu/task11/data_gender/seg.x-UKz7MxhPA_8295.48-8315.14.wav,F
145,/home/peterr/macocu/task11/data_gender/seg.SRhyViQQhoM_10974.13-10993.58.wav,F
146,/home/peterr/macocu/task11/data_gender/seg.lD0E8AB6uHs_4559.76-4564.93.wav,F
147,/home/peterr/macocu/task11/data_gender/seg.lD0E8AB6uHs_4159.65-4179.49.wav,F
148,/home/peterr/macocu/task11/data_gender/seg._QfqIOIdu_E_20965.87-20985.73.wav,F
149,/home/peterr/macocu/task11/data_gender/seg.vUcOuoVdoMg_11526.91-11544.82.wav,F
150,/home/peterr/macocu/task11/data_gender/seg.lD0E8AB6uHs_4278.77-4298.07.wav,F
151,/home/peterr/macocu/task11/data_gender/seg.btzBgb-_Skc_2435.92-2455.88.wav,F
152,/home/peterr/macocu/task11/data_gender/seg.K9IqJo93eoM_8987.97-9007.22.wav,F
153,/home/peterr/macocu/task11/data_gender/seg.LyoAhnR01MU_1934.82-1946.38.wav,F
154,/home/peterr/macocu/task11/data_gender/seg.cXQ1kCWVpas_10524.47-10533.99.wav,F
155,/home/peterr/macocu/task11/data_gender/seg.mVTR6CNSTs0_2209.06-2228.76.wav,F
156,/home/peterr/macocu/task11/data_gender/seg.ChLhsFZXpo0_10249.79-10267.48.wav,F
157,/home/peterr/macocu/task11/data_gender/seg.on9WnAhubWg_5802.07-5821.95.wav,F
158,/home/peterr/macocu/task11/data_gender/seg.COa-0-o_dbc_20017.33-20037.26.wav,F
159,/home/peterr/macocu/task11/data_gender/seg.a8PclGIE0bU_14949.7-14965.53.wav,F
160,/home/peterr/macocu/task11/data_gender/seg.HmQceciBYwo_5695.63-5715.55.wav,F
161,/home/peterr/macocu/task11/data_gender/seg.aln8TypLXOM_18592.33-18604.57.wav,F
162,/home/peterr/macocu/task11/data_gender/seg.7rSFJYzX7DA_4821.07-4829.84.wav,F
163,/home/peterr/macocu/task11/data_gender/seg.3ELsSguCWM4_8161.49-8181.46.wav,F
164,/home/peterr/macocu/task11/data_gender/seg.C-7-3Cxi7WU_2044.01-2063.95.wav,F
165,/home/peterr/macocu/task11/data_gender/seg.s7v5eLALCvY_3553.82-3573.62.wav,F
166,/home/peterr/macocu/task11/data_gender/seg.s7v5eLALCvY_3243.87-3249.47.wav,F
167,/home/peterr/macocu/task11/data_gender/seg.OjQV7hrE9vE_6139.36-6159.32.wav,F
168,/home/peterr/macocu/task11/data_gender/seg.AeNlW_UjFR4_10719.43-10726.57.wav,F
169,/home/peterr/macocu/task11/data_gender/seg.4_yZqDEYbaw_7507.17-7520.2.wav,F
170,/home/peterr/macocu/task11/data_gender/seg.Ejm2NksW8VU_4521.07-4530.07.wav,F
171,/home/peterr/macocu/task11/data_gender/seg.s7v5eLALCvY_3393.64-3412.98.wav,F
172,/home/peterr/macocu/task11/data_gender/seg.8LAI5kcBfVs_12285.62-12305.13.wav,F
173,/home/peterr/macocu/task11/data_gender/seg.-EO06cT21uY_8666.5-8686.24.wav,F
174,/home/peterr/macocu/task11/data_gender/seg.SvOjrvZ4PlY_2013.65-2033.5.wav,F
175,/home/peterr/macocu/task11/data_gender/seg.8LAI5kcBfVs_12699.62-12719.1.wav,F
176,/home/peterr/macocu/task11/data_gender/seg.kr7AcaY6GaU_13971.7-13991.59.wav,F
177,/home/peterr/macocu/task11/data_gender/seg.amGNo5659ms_8654.3-8673.44.wav,F
178,/home/peterr/macocu/task11/data_gender/seg.sSL8zQLuoRM_8966.12-8983.18.wav,F
179,/home/peterr/macocu/task11/data_gender/seg.BDN60AFiiYo_5151.62-5167.3.wav,F
180,/home/peterr/macocu/task11/data_gender/seg.AeNlW_UjFR4_5421.44-5441.26.wav,F
181,/home/peterr/macocu/task11/data_gender/seg.x7iNlUeEEbs_13906.93-13926.51.wav,F
182,/home/peterr/macocu/task11/data_gender/seg.X6q9FnZVLss_121.28-140.8.wav,F
183,/home/peterr/macocu/task11/data_gender/seg.Cfti-MnqY7U_4589.02-4608.39.wav,F
184,/home/peterr/macocu/task11/data_gender/seg.Yht1wCkxWF4_9229.74-9249.55.wav,F
185,/home/peterr/macocu/task11/data_gender/seg.BdKEjiXdnEc_11033.05-11052.85.wav,F
186,/home/peterr/macocu/task11/data_gender/seg.AeNlW_UjFR4_2410.14-2430.05.wav,F
187,/home/peterr/macocu/task11/data_gender/seg.X6q9FnZVLss_6741.33-6748.1.wav,F
188,/home/peterr/macocu/task11/data_gender/seg.pmllF5pvtDA_19049.41-19064.63.wav,F
189,/home/peterr/macocu/task11/data_gender/seg.qWbLMM4HNvE_2015.37-2034.96.wav,F
190,/home/peterr/macocu/task11/data_gender/seg.x2t6FCoqJws_5191.12-5210.99.wav,F
191,/home/peterr/macocu/task11/data_gender/seg.X6q9FnZVLss_11990.48-12010.38.wav,F
192,/home/peterr/macocu/task11/data_gender/seg.BdKEjiXdnEc_3201.68-3216.45.wav,F
193,/home/peterr/macocu/task11/data_gender/seg.qWbLMM4HNvE_20653.96-20666.81.wav,F
194,/home/peterr/macocu/task11/data_gender/seg.X6q9FnZVLss_11892.03-11910.93.wav,F
195,/home/peterr/macocu/task11/data_gender/seg.sxhksCUKafQ_3192.19-3211.75.wav,F
196,/home/peterr/macocu/task11/data_gender/seg.pmllF5pvtDA_11406.58-11426.31.wav,F
197,/home/peterr/macocu/task11/data_gender/seg.BdKEjiXdnEc_3765.97-3774.43.wav,F
198,/home/peterr/macocu/task11/data_gender/seg.zzEYIorfRmM_20517.8-20537.46.wav,F
199,/home/peterr/macocu/task11/data_gender/seg.zzEYIorfRmM_20886.44-20906.13.wav,F
200,/home/peterr/macocu/task11/data_gender/seg.KbyVU_5030Y_9089.36-9107.0.wav,F
201,/home/peterr/macocu/task11/data_gender/seg.uxlAR69RGX0_6079.26-6098.94.wav,F
202,/home/peterr/macocu/task11/data_gender/seg.KbyVU_5030Y_19255.21-19274.48.wav,F
203,/home/peterr/macocu/task11/data_gender/seg.YFGScZznWNY_10244.8-10264.49.wav,F
204,/home/peterr/macocu/task11/data_gender/seg.4_yZqDEYbaw_17633.45-17649.11.wav,F
205,/home/peterr/macocu/task11/data_gender/seg.zKanXE-Smys_14752.37-14771.63.wav,F
206,/home/peterr/macocu/task11/data_gender/seg.i2cfKyLYdWQ_7878.75-7891.18.wav,F
207,/home/peterr/macocu/task11/data_gender/seg.wGcZ33lyWUY_17467.01-17475.61.wav,F
208,/home/peterr/macocu/task11/data_gender/seg.jvTAOH_dT0E_13269.2-13288.37.wav,F
209,/home/peterr/macocu/task11/data_gender/seg.i2cfKyLYdWQ_744.69-764.63.wav,F
210,/home/peterr/macocu/task11/data_gender/seg.jvTAOH_dT0E_4163.26-4164.36.wav,F
211,/home/peterr/macocu/task11/data_gender/seg.YFGScZznWNY_7022.81-7033.76.wav,F
212,/home/peterr/macocu/task11/data_gender/seg.KbyVU_5030Y_2705.8-2707.83.wav,F
213,/home/peterr/macocu/task11/data_gender/seg.4_yZqDEYbaw_9857.86-9870.19.wav,F
214,/home/peterr/macocu/task11/data_gender/seg.jvTAOH_dT0E_5435.41-5454.85.wav,F
215,/home/peterr/macocu/task11/data_gender/seg.jvTAOH_dT0E_12677.51-12693.54.wav,F
216,/home/peterr/macocu/task11/data_gender/seg.i2cfKyLYdWQ_1028.12-1040.58.wav,F
217,/home/peterr/macocu/task11/data_gender/seg.Jnoeay6g96I_12405.32-12413.38.wav,F
218,/home/peterr/macocu/task11/data_gender/seg.4_yZqDEYbaw_17508.48-17525.95.wav,F
219,/home/peterr/macocu/task11/data_gender/seg.YOYZ7PwizwI_5365.85-5384.94.wav,F
220,/home/peterr/macocu/task11/data_gender/seg.dpKsbH3SErQ_5581.16-5587.77.wav,F
221,/home/peterr/macocu/task11/data_gender/seg.0m0xyKyqqlA_10268.48-10280.35.wav,F
222,/home/peterr/macocu/task11/data_gender/seg.WYQk1srnyb0_3831.7-3851.45.wav,F
223,/home/peterr/macocu/task11/data_gender/seg.RH7iVLuHaDc_10367.2-10387.01.wav,F
224,/home/peterr/macocu/task11/data_gender/seg.y5LrUr3SHIg_14775.86-14795.63.wav,F
225,/home/peterr/macocu/task11/data_gender/seg.on9WnAhubWg_22042.59-22061.97.wav,F
226,/home/peterr/macocu/task11/data_gender/seg.WYQk1srnyb0_6093.39-6100.43.wav,F
227,/home/peterr/macocu/task11/data_gender/seg.VyeKrbwhKN0_10821.01-10840.82.wav,F
228,/home/peterr/macocu/task11/data_gender/seg.pGfaIaT8VgY_6184.11-6203.34.wav,F
229,/home/peterr/macocu/task11/data_gender/seg.pmllF5pvtDA_903.84-923.69.wav,F
230,/home/peterr/macocu/task11/data_gender/seg.VyeKrbwhKN0_10914.71-10932.9.wav,F
231,/home/peterr/macocu/task11/data_gender/seg.y5LrUr3SHIg_21688.46-21703.58.wav,F
232,/home/peterr/macocu/task11/data_gender/seg.lD0E8AB6uHs_13235.9-13255.36.wav,F
233,/home/peterr/macocu/task11/data_gender/seg.y5LrUr3SHIg_14548.62-14568.08.wav,F
234,/home/peterr/macocu/task11/data_gender/seg.K164jTtp2Ws_3698.17-3717.75.wav,F
235,/home/peterr/macocu/task11/data_gender/seg.YFGScZznWNY_12290.92-12310.6.wav,F
236,/home/peterr/macocu/task11/data_gender/seg.4LR7-snUnOI_6180.35-6200.32.wav,F
237,/home/peterr/macocu/task11/data_gender/seg.rVfZ1qL88vM_7024.93-7044.51.wav,F
238,/home/peterr/macocu/task11/data_gender/seg.y1P0xTGUfkQ_18818.39-18838.25.wav,F
239,/home/peterr/macocu/task11/data_gender/seg.iVix4dxTdZQ_4850.57-4869.95.wav,F
240,/home/peterr/macocu/task11/data_gender/seg.qWbLMM4HNvE_21805.05-21824.9.wav,F
241,/home/peterr/macocu/task11/data_gender/seg.hxSDE1AXaww_14947.93-14967.61.wav,F
242,/home/peterr/macocu/task11/data_gender/seg.YILsA37yB6Q_6118.76-6138.38.wav,F
243,/home/peterr/macocu/task11/data_gender/seg._XViiCiau9E_7240.59-7260.05.wav,F
244,/home/peterr/macocu/task11/data_gender/seg.hxSDE1AXaww_14870.92-14872.87.wav,F
245,/home/peterr/macocu/task11/data_gender/seg.MbZGxmmrF-I_13138.69-13158.37.wav,F
246,/home/peterr/macocu/task11/data_gender/seg.OI1RRs1lbh0_6872.92-6891.91.wav,F
247,/home/peterr/macocu/task11/data_gender/seg.HmQceciBYwo_3173.28-3186.57.wav,F
248,/home/peterr/macocu/task11/data_gender/seg.OI1RRs1lbh0_6892.2-6912.16.wav,F
249,/home/peterr/macocu/task11/data_gender/seg.GW6f40F5DY8_397.38-414.39.wav,F
250,/home/peterr/macocu/task11/data_gender/seg.MTezksB47JU_4933.9-4952.34.wav,F
251,/home/peterr/macocu/task11/data_gender/seg.IbufHi751Ek_2123.91-2142.32.wav,F
252,/home/peterr/macocu/task11/data_gender/seg.MjfmdeHxy0o_4205.28-4225.2.wav,F
253,/home/peterr/macocu/task11/data_gender/seg.sZDjfPvSv5g_16088.65-16108.43.wav,F
254,/home/peterr/macocu/task11/data_gender/seg.OI1RRs1lbh0_6853.43-6872.92.wav,F
255,/home/peterr/macocu/task11/data_gender/seg.Bb47TxyW1do_5857.18-5876.94.wav,F
256,/home/peterr/macocu/task11/data_gender/seg.sxhksCUKafQ_574.26-593.87.wav,F
257,/home/peterr/macocu/task11/data_gender/seg.jvTAOH_dT0E_6477.31-6496.19.wav,F
258,/home/peterr/macocu/task11/data_gender/seg.YILsA37yB6Q_7100.62-7120.3.wav,F
259,/home/peterr/macocu/task11/data_gender/seg.R7FyjGMrgsE_4276.83-4296.68.wav,F
260,/home/peterr/macocu/task11/data_gender/seg.wRedcoBr6Qk_8345.29-8354.77.wav,F
261,/home/peterr/macocu/task11/data_gender/seg.sSL8zQLuoRM_11787.99-11794.02.wav,F
262,/home/peterr/macocu/task11/data_gender/seg.0m0xyKyqqlA_13619.47-13639.18.wav,F
263,/home/peterr/macocu/task11/data_gender/seg.lD_4BgHeorQ_1788.82-1808.58.wav,F
264,/home/peterr/macocu/task11/data_gender/seg.JPO4ebnWWms_14357.13-14370.92.wav,F
265,/home/peterr/macocu/task11/data_gender/seg.xSErR_WVD4g_5233.15-5243.89.wav,F
266,/home/peterr/macocu/task11/data_gender/seg.QEfnMfmKfRk_6307.8-6317.38.wav,F
267,/home/peterr/macocu/task11/data_gender/seg.o8FdsdWtvhc_10247.16-10265.37.wav,F
268,/home/peterr/macocu/task11/data_gender/seg.0m0xyKyqqlA_13287.01-13298.83.wav,F
269,/home/peterr/macocu/task11/data_gender/seg.XUegMjW5_z0_21608.8-21623.05.wav,F
270,/home/peterr/macocu/task11/data_gender/seg.X6q9FnZVLss_8784.27-8792.98.wav,F
271,/home/peterr/macocu/task11/data_gender/seg.sSL8zQLuoRM_11575.63-11580.59.wav,F
272,/home/peterr/macocu/task11/data_gender/seg.4I1CHN8ZRCA_18674.73-18676.72.wav,F
273,/home/peterr/macocu/task11/data_gender/seg.xSErR_WVD4g_4381.4-4400.85.wav,F
274,/home/peterr/macocu/task11/data_gender/seg._QJBBsT2u_E_3408.5-3428.34.wav,F
275,/home/peterr/macocu/task11/data_gender/seg.qWbLMM4HNvE_11184.35-11199.18.wav,F
276,/home/peterr/macocu/task11/data_gender/seg.GHHR1sqEfyg_17610.82-17630.76.wav,F
277,/home/peterr/macocu/task11/data_gender/seg.wGcZ33lyWUY_14731.47-14747.48.wav,F
278,/home/peterr/macocu/task11/data_gender/seg.13CIIGY5gg0_1653.38-1660.2.wav,F
279,/home/peterr/macocu/task11/data_gender/seg.a8PclGIE0bU_9072.62-9092.23.wav,F
280,/home/peterr/macocu/task11/data_gender/seg.VbHdjxinAXk_4824.37-4844.36.wav,F
281,/home/peterr/macocu/task11/data_gender/seg.N2W0YV7Osxs_15129.07-15148.84.wav,F
282,/home/peterr/macocu/task11/data_gender/seg.-k1z8behXXg_15099.55-15119.48.wav,F
283,/home/peterr/macocu/task11/data_gender/seg.bJ7jR4JlGpA_3734.93-3754.57.wav,F
284,/home/peterr/macocu/task11/data_gender/seg.VbHdjxinAXk_4844.36-4864.22.wav,F
285,/home/peterr/macocu/task11/data_gender/seg.1WBg7il8jfQ_19890.58-19910.51.wav,F
286,/home/peterr/macocu/task11/data_gender/seg.8W_RAdbBY2g_1994.11-2012.44.wav,F
287,/home/peterr/macocu/task11/data_gender/seg.3yuEqtP43QI_15393.45-15412.4.wav,F
288,/home/peterr/macocu/task11/data_gender/seg.x-UKz7MxhPA_1703.64-1723.47.wav,F
289,/home/peterr/macocu/task11/data_gender/seg.N2W0YV7Osxs_15148.84-15168.65.wav,F
290,/home/peterr/macocu/task11/data_gender/seg._AeGPyjo490_1031.07-1050.99.wav,F
291,/home/peterr/macocu/task11/data_gender/seg.6gTpUiJHZbw_590.99-610.46.wav,F
292,/home/peterr/macocu/task11/data_gender/seg.LawoafWqSs4_11020.89-11040.22.wav,F
293,/home/peterr/macocu/task11/data_gender/seg.JPO4ebnWWms_11938.18-11957.82.wav,F
294,/home/peterr/macocu/task11/data_gender/seg.Hlvu7goPx6c_14365.05-14383.03.wav,F
295,/home/peterr/macocu/task11/data_gender/seg.-k1z8behXXg_15217.85-15222.93.wav,F
296,/home/peterr/macocu/task11/data_gender/seg.xC6B2N9RvdQ_8679.36-8699.25.wav,F
297,/home/peterr/macocu/task11/data_gender/seg.xC6B2N9RvdQ_8510.84-8529.08.wav,F
298,/home/peterr/macocu/task11/data_gender/seg.8W_RAdbBY2g_2038.25-2057.84.wav,F
299,/home/peterr/macocu/task11/data_gender/seg.5cjNUjCW6uo_13538.11-13558.11.wav,F
300,/home/peterr/macocu/task11/data_gender/seg.y5Rpk9AIbMY_16472.69-16492.58.wav,F
301,/home/peterr/macocu/task11/data_gender/seg.BDN60AFiiYo_5789.92-5809.73.wav,F
302,/home/peterr/macocu/task11/data_gender/seg.Y2U1PJH4kNs_12613.35-12633.32.wav,F
303,/home/peterr/macocu/task11/data_gender/seg.PoKnVuqv4ik_2486.8-2500.51.wav,F
304,/home/peterr/macocu/task11/data_gender/seg.dAeQtmiiIYE_13114.18-13121.78.wav,F
305,/home/peterr/macocu/task11/data_gender/seg.x7iNlUeEEbs_4296.15-4316.09.wav,F
306,/home/peterr/macocu/task11/data_gender/seg.X_6fTHwFfpM_13917.94-13937.83.wav,F
307,/home/peterr/macocu/task11/data_gender/seg.Ow2zEc4S9Tk_5897.85-5917.55.wav,F
308,/home/peterr/macocu/task11/data_gender/seg.9wxLAtT0uyc_6076.8-6096.77.wav,F
309,/home/peterr/macocu/task11/data_gender/seg.6Ly_JAaLNKs_17423.54-17443.06.wav,F
310,/home/peterr/macocu/task11/data_gender/seg.4f2EekXCNas_8200.98-8220.88.wav,F
311,/home/peterr/macocu/task11/data_gender/seg.6Ly_JAaLNKs_17443.06-17458.79.wav,F
312,/home/peterr/macocu/task11/data_gender/seg.y5Rpk9AIbMY_16540.23-16559.78.wav,F
313,/home/peterr/macocu/task11/data_gender/seg.dfz6VqXRbmE_8483.31-8503.27.wav,F
314,/home/peterr/macocu/task11/data_gender/seg.y9Sce1RIPM8_9918.59-9936.22.wav,F
315,/home/peterr/macocu/task11/data_gender/seg.vJ4gib9EDcU_10945.55-10965.22.wav,F
316,/home/peterr/macocu/task11/data_gender/seg.czW-aQjn04c_10079.1-10098.47.wav,F
317,/home/peterr/macocu/task11/data_gender/seg.vJ4gib9EDcU_10010.96-10030.38.wav,F
318,/home/peterr/macocu/task11/data_gender/seg.IF1blZ6YSMA_17802.69-17811.69.wav,F
319,/home/peterr/macocu/task11/data_gender/seg.YODoaZEf0AA_13165.69-13181.99.wav,F
320,/home/peterr/macocu/task11/data_gender/seg.kh2G0vaaNkg_261.51-280.67.wav,F
321,/home/peterr/macocu/task11/data_gender/seg.Ejm2NksW8VU_3662.02-3681.3.wav,F
322,/home/peterr/macocu/task11/data_gender/seg.PliNdWocAg4_21887.02-21906.38.wav,F
323,/home/peterr/macocu/task11/data_gender/seg.KbyVU_5030Y_5882.62-5901.82.wav,F
324,/home/peterr/macocu/task11/data_gender/seg.P_Mg7lLr7cA_9793.97-9813.94.wav,F
325,/home/peterr/macocu/task11/data_gender/seg.1s4JHlcC_rM_14821.22-14841.16.wav,F
326,/home/peterr/macocu/task11/data_gender/seg.kh2G0vaaNkg_473.04-492.57.wav,F
327,/home/peterr/macocu/task11/data_gender/seg.y2Vs3GXDVyk_18996.63-19016.52.wav,F
328,/home/peterr/macocu/task11/data_gender/seg.Qrsj7poZmyQ_19191.28-19211.2.wav,F
329,/home/peterr/macocu/task11/data_gender/seg.kh2G0vaaNkg_582.26-602.08.wav,F
330,/home/peterr/macocu/task11/data_gender/seg.jvTAOH_dT0E_6150.14-6169.97.wav,F
331,/home/peterr/macocu/task11/data_gender/seg.Ejm2NksW8VU_4087.16-4106.67.wav,F
332,/home/peterr/macocu/task11/data_gender/seg.1s4JHlcC_rM_14860.15-14869.51.wav,F
333,/home/peterr/macocu/task11/data_gender/seg.MzGBkhrNCLo_8136.83-8156.44.wav,F
334,/home/peterr/macocu/task11/data_gender/seg.kh2G0vaaNkg_453.04-473.04.wav,F
335,/home/peterr/macocu/task11/data_gender/seg.KbyVU_5030Y_5596.46-5616.43.wav,F
336,/home/peterr/macocu/task11/data_gender/seg.Pm2I_V_CTSQ_4096.7-4116.53.wav,F
337,/home/peterr/macocu/task11/data_gender/seg.XdVZGBDBr8c_3802.26-3822.23.wav,F
338,/home/peterr/macocu/task11/data_gender/seg.Bb47TxyW1do_4063.43-4071.81.wav,F
339,/home/peterr/macocu/task11/data_gender/seg.Qx46Ey24m78_3785.56-3805.54.wav,F
340,/home/peterr/macocu/task11/data_gender/seg.vsnqvRMj2N8_10144.37-10156.44.wav,F
341,/home/peterr/macocu/task11/data_gender/seg.SjYUK0CT7L4_1712.85-1727.35.wav,F
342,/home/peterr/macocu/task11/data_gender/seg.SjYUK0CT7L4_8375.58-8395.39.wav,F
343,/home/peterr/macocu/task11/data_gender/seg.vsnqvRMj2N8_2825.17-2844.76.wav,F
344,/home/peterr/macocu/task11/data_gender/seg.CjM2LMQC4gg_21775.66-21794.1.wav,F
345,/home/peterr/macocu/task11/data_gender/seg.uqqQn2P9PpY_7873.06-7892.73.wav,F
346,/home/peterr/macocu/task11/data_gender/seg.5hKCeE0WXcQ_8129.38-8139.61.wav,F
347,/home/peterr/macocu/task11/data_gender/seg.iaSzdQ2bAew_3224.98-3242.86.wav,F
348,/home/peterr/macocu/task11/data_gender/seg.vsnqvRMj2N8_10360.45-10380.29.wav,F
349,/home/peterr/macocu/task11/data_gender/seg.iaSzdQ2bAew_3196.24-3202.32.wav,F
350,/home/peterr/macocu/task11/data_gender/seg.1WBg7il8jfQ_6592.81-6612.56.wav,F
351,/home/peterr/macocu/task11/data_gender/seg.vsnqvRMj2N8_10683.67-10703.39.wav,F
352,/home/peterr/macocu/task11/data_gender/seg.uqqQn2P9PpY_7255.07-7273.56.wav,F
353,/home/peterr/macocu/task11/data_gender/seg.xSErR_WVD4g_22286.79-22289.17.wav,F
354,/home/peterr/macocu/task11/data_gender/seg.5hKCeE0WXcQ_7342.7-7362.43.wav,F
355,/home/peterr/macocu/task11/data_gender/seg.Pm2I_V_CTSQ_2669.37-2689.23.wav,F
356,/home/peterr/macocu/task11/data_gender/seg.4RMePUWtpD0_8053.58-8068.03.wav,F
357,/home/peterr/macocu/task11/data_gender/seg.4RMePUWtpD0_6478.03-6497.7.wav,F
358,/home/peterr/macocu/task11/data_gender/seg.1WBg7il8jfQ_6508.54-6528.1.wav,F
359,/home/peterr/macocu/task11/data_gender/seg.iaSzdQ2bAew_3790.93-3808.87.wav,F
360,/home/peterr/macocu/task11/data_gender/seg.y4aKCsfR3PM_9869.12-9875.31.wav,F
361,/home/peterr/macocu/task11/data_gender/seg.2vEP630Av0s_5232.04-5252.0.wav,F
362,/home/peterr/macocu/task11/data_gender/seg.2vEP630Av0s_5094.71-5113.77.wav,F
363,/home/peterr/macocu/task11/data_gender/seg.8LAI5kcBfVs_14681.62-14693.75.wav,F
364,/home/peterr/macocu/task11/data_gender/seg.lLuRksi0rvY_8414.84-8434.75.wav,F
365,/home/peterr/macocu/task11/data_gender/seg.IF1blZ6YSMA_11898.12-11904.74.wav,F
366,/home/peterr/macocu/task11/data_gender/seg.U4L5-6b9enE_3242.18-3251.02.wav,F
367,/home/peterr/macocu/task11/data_gender/seg.VyeKrbwhKN0_16141.94-16161.35.wav,F
368,/home/peterr/macocu/task11/data_gender/seg.2vEP630Av0s_8899.52-8919.15.wav,F
369,/home/peterr/macocu/task11/data_gender/seg.VyeKrbwhKN0_16308.36-16327.94.wav,F
370,/home/peterr/macocu/task11/data_gender/seg.IbufHi751Ek_1718.93-1738.85.wav,F
371,/home/peterr/macocu/task11/data_gender/seg.kr7AcaY6GaU_17528.68-17534.85.wav,F
372,/home/peterr/macocu/task11/data_gender/seg.aK2XWyzkG94_7973.52-7983.31.wav,F
373,/home/peterr/macocu/task11/data_gender/seg._Ay-MZKSeIc_11463.4-11482.91.wav,F
374,/home/peterr/macocu/task11/data_gender/seg.OmcDtlzv2Xs_11955.64-11974.31.wav,F
375,/home/peterr/macocu/task11/data_gender/seg.wIZU5TbDct4_4886.91-4906.84.wav,F
376,/home/peterr/macocu/task11/data_gender/seg.b6xbH3vaOB0_11124.73-11131.09.wav,F
377,/home/peterr/macocu/task11/data_gender/seg.jus1M1j8vPo_14400.65-14420.33.wav,F
378,/home/peterr/macocu/task11/data_gender/seg.DvtrHZD2T0A_6296.96-6309.62.wav,F
379,/home/peterr/macocu/task11/data_gender/seg.ybEMp_PEdeY_11115.92-11132.0.wav,F
380,/home/peterr/macocu/task11/data_gender/seg.wIZU5TbDct4_9738.46-9758.38.wav,F
381,/home/peterr/macocu/task11/data_gender/seg.cZ5xMJ7MZQ4_8707.4-8726.48.wav,F
382,/home/peterr/macocu/task11/data_gender/seg.0m0xyKyqqlA_6715.52-6735.0.wav,F
383,/home/peterr/macocu/task11/data_gender/seg.sSL8zQLuoRM_15033.4-15050.98.wav,F
384,/home/peterr/macocu/task11/data_gender/seg.0m0xyKyqqlA_8359.54-8368.14.wav,F
385,/home/peterr/macocu/task11/data_gender/seg._Ay-MZKSeIc_10312.38-10323.62.wav,F
386,/home/peterr/macocu/task11/data_gender/seg.CYBkG0--J8c_12499.03-12513.43.wav,F
387,/home/peterr/macocu/task11/data_gender/seg.wIZU5TbDct4_9939.01-9956.82.wav,F
388,/home/peterr/macocu/task11/data_gender/seg.sSL8zQLuoRM_15219.24-15238.97.wav,F
389,/home/peterr/macocu/task11/data_gender/seg.wIZU5TbDct4_9789.05-9808.13.wav,F
390,/home/peterr/macocu/task11/data_gender/seg.dAeQtmiiIYE_14146.93-14166.51.wav,F
391,/home/peterr/macocu/task11/data_gender/seg._Ay-MZKSeIc_10483.16-10486.29.wav,F
392,/home/peterr/macocu/task11/data_gender/seg.HJps7tTjkpg_6160.5-6175.69.wav,F
393,/home/peterr/macocu/task11/data_gender/seg.cZ5xMJ7MZQ4_9266.57-9280.71.wav,F
394,/home/peterr/macocu/task11/data_gender/seg.WERiM2OV6BU_1119.41-1139.22.wav,F
395,/home/peterr/macocu/task11/data_gender/seg.cZ5xMJ7MZQ4_9013.8-9033.49.wav,F
396,/home/peterr/macocu/task11/data_gender/seg.P_Mg7lLr7cA_17332.44-17348.64.wav,F
397,/home/peterr/macocu/task11/data_gender/seg.cZ5xMJ7MZQ4_8957.19-8971.66.wav,F
398,/home/peterr/macocu/task11/data_gender/seg.cZ5xMJ7MZQ4_9979.13-9998.39.wav,F
399,/home/peterr/macocu/task11/data_gender/seg.b6xbH3vaOB0_8897.59-8916.53.wav,F
400,/home/peterr/macocu/task11/data_gender/seg.NjJetqVr5IQ_13007.55-13022.25.wav,F
401,/home/peterr/macocu/task11/data_gender/seg.Y2U1PJH4kNs_9613.12-9632.78.wav,F
402,/home/peterr/macocu/task11/data_gender/seg.wIZU5TbDct4_10317.73-10330.43.wav,F
403,/home/peterr/macocu/task11/data_gender/seg.Kjyn-8vCedk_9872.01-9891.45.wav,F
404,/home/peterr/macocu/task11/data_gender/seg.HmQceciBYwo_4042.51-4062.08.wav,F
405,/home/peterr/macocu/task11/data_gender/seg.05ONqG97F-0_7714.93-7734.7.wav,F
406,/home/peterr/macocu/task11/data_gender/seg.xSErR_WVD4g_17183.22-17198.38.wav,F
407,/home/peterr/macocu/task11/data_gender/seg.HmQceciBYwo_3759.55-3779.09.wav,F
408,/home/peterr/macocu/task11/data_gender/seg.Ow2zEc4S9Tk_10240.5-10252.81.wav,F
409,/home/peterr/macocu/task11/data_gender/seg._Ay-MZKSeIc_14688.27-14701.96.wav,F
410,/home/peterr/macocu/task11/data_gender/seg._Ay-MZKSeIc_14796.15-14801.87.wav,F
411,/home/peterr/macocu/task11/data_gender/seg.BDN60AFiiYo_5936.49-5956.44.wav,F
412,/home/peterr/macocu/task11/data_gender/seg.BDN60AFiiYo_5665.09-5684.95.wav,F
413,/home/peterr/macocu/task11/data_gender/seg.HJps7tTjkpg_7427.51-7431.79.wav,F
414,/home/peterr/macocu/task11/data_gender/seg.xSErR_WVD4g_16931.93-16948.85.wav,F
415,/home/peterr/macocu/task11/data_gender/seg.XDOVoojci5A_3722.51-3742.31.wav,F
416,/home/peterr/macocu/task11/data_gender/seg.PliNdWocAg4_14384.47-14404.45.wav,F
417,/home/peterr/macocu/task11/data_gender/seg.xSErR_WVD4g_17147.42-17161.39.wav,F
418,/home/peterr/macocu/task11/data_gender/seg.HJps7tTjkpg_5582.6-5582.97.wav,F
419,/home/peterr/macocu/task11/data_gender/seg.Kjyn-8vCedk_2251.99-2264.32.wav,F
420,/home/peterr/macocu/task11/data_gender/seg.AvstVNaI4Ks_4911.06-4925.0.wav,F
421,/home/peterr/macocu/task11/data_gender/seg.5T4HXO1WsDU_12541.77-12561.02.wav,F
422,/home/peterr/macocu/task11/data_gender/seg.oNbwZtGCYhE_21016.09-21024.01.wav,F
423,/home/peterr/macocu/task11/data_gender/seg.ActgoDTrcWA_10166.11-10185.43.wav,F
424,/home/peterr/macocu/task11/data_gender/seg.MzGBkhrNCLo_9516.0-9535.56.wav,F
425,/home/peterr/macocu/task11/data_gender/seg.fY6dvnwAXR0_7133.33-7148.23.wav,F
426,/home/peterr/macocu/task11/data_gender/seg.5T4HXO1WsDU_11033.05-11053.01.wav,F
427,/home/peterr/macocu/task11/data_gender/seg.uvHhJaY_baU_14490.54-14509.73.wav,F
428,/home/peterr/macocu/task11/data_gender/seg.4WVLXQtcQ5c_8603.66-8623.36.wav,F
429,/home/peterr/macocu/task11/data_gender/seg.MzGBkhrNCLo_8988.87-8996.17.wav,F
430,/home/peterr/macocu/task11/data_gender/seg.13CIIGY5gg0_13199.1-13218.51.wav,F
431,/home/peterr/macocu/task11/data_gender/seg.MzGBkhrNCLo_9438.09-9457.67.wav,F
432,/home/peterr/macocu/task11/data_gender/seg.5hKCeE0WXcQ_4078.08-4087.49.wav,F
433,/home/peterr/macocu/task11/data_gender/seg.MzGBkhrNCLo_9866.09-9886.06.wav,F
434,/home/peterr/macocu/task11/data_gender/seg.4WVLXQtcQ5c_7835.59-7855.42.wav,F
435,/home/peterr/macocu/task11/data_gender/seg.MzGBkhrNCLo_8885.78-8905.67.wav,F
436,/home/peterr/macocu/task11/data_gender/seg.4WVLXQtcQ5c_8153.86-8161.43.wav,F
437,/home/peterr/macocu/task11/data_gender/seg.AvstVNaI4Ks_4472.31-4474.67.wav,F
438,/home/peterr/macocu/task11/data_gender/seg.MzGBkhrNCLo_8930.19-8949.92.wav,F
439,/home/peterr/macocu/task11/data_gender/seg.5T4HXO1WsDU_10651.49-10671.45.wav,F
440,/home/peterr/macocu/task11/data_gender/seg.RXOa3U8eUFc_8627.08-8635.52.wav,F
441,/home/peterr/macocu/task11/data_gender/seg.7uhWNVI06Dg_922.22-941.51.wav,F
442,/home/peterr/macocu/task11/data_gender/seg.bFuM6vBlCQE_3867.37-3887.14.wav,F
443,/home/peterr/macocu/task11/data_gender/seg.Ux94YXzTmpo_3912.09-3932.06.wav,F
444,/home/peterr/macocu/task11/data_gender/seg.jnqNq5ud6Vo_17041.63-17053.23.wav,F
445,/home/peterr/macocu/task11/data_gender/seg.bFuM6vBlCQE_4111.16-4130.87.wav,F
446,/home/peterr/macocu/task11/data_gender/seg.fO_0QkfOgis_13183.28-13202.74.wav,F
447,/home/peterr/macocu/task11/data_gender/seg.jnqNq5ud6Vo_17348.78-17368.16.wav,F
448,/home/peterr/macocu/task11/data_gender/seg.Ux94YXzTmpo_14561.98-14580.7.wav,F
449,/home/peterr/macocu/task11/data_gender/seg.Ux94YXzTmpo_3883.51-3888.66.wav,F
450,/home/peterr/macocu/task11/data_gender/seg.b0c3WIgmQJ4_3910.76-3930.3.wav,F
451,/home/peterr/macocu/task11/data_gender/seg.bFuM6vBlCQE_4964.19-4984.15.wav,F
452,/home/peterr/macocu/task11/data_gender/seg.Ux94YXzTmpo_4091.21-4111.07.wav,F
453,/home/peterr/macocu/task11/data_gender/seg.Ux94YXzTmpo_14104.92-14112.89.wav,F
454,/home/peterr/macocu/task11/data_gender/seg.50fnCp5skIc_2150.07-2169.4.wav,F
455,/home/peterr/macocu/task11/data_gender/seg.b0c3WIgmQJ4_3970.99-3990.92.wav,F
456,/home/peterr/macocu/task11/data_gender/seg.XDOVoojci5A_18442.86-18462.58.wav,F
457,/home/peterr/macocu/task11/data_gender/seg.RXOa3U8eUFc_8458.53-8476.9.wav,F
458,/home/peterr/macocu/task11/data_gender/seg.7uhWNVI06Dg_3684.79-3704.59.wav,F
459,/home/peterr/macocu/task11/data_gender/seg.b0c3WIgmQJ4_4195.9-4207.44.wav,F
460,/home/peterr/macocu/task11/data_gender/seg.YODoaZEf0AA_16496.44-16516.25.wav,F
461,/home/peterr/macocu/task11/data_gender/seg.aln8TypLXOM_15316.75-15323.51.wav,F
462,/home/peterr/macocu/task11/data_gender/seg.wVBCWM4Gofs_3311.31-3331.25.wav,F
463,/home/peterr/macocu/task11/data_gender/seg.xSErR_WVD4g_9777.19-9796.94.wav,F
464,/home/peterr/macocu/task11/data_gender/seg.aPVISDSjwcE_9047.13-9055.54.wav,F
465,/home/peterr/macocu/task11/data_gender/seg.wVBCWM4Gofs_8327.09-8346.99.wav,F
466,/home/peterr/macocu/task11/data_gender/seg.aPVISDSjwcE_20809.67-20829.52.wav,F
467,/home/peterr/macocu/task11/data_gender/seg.aK2XWyzkG94_7904.63-7924.41.wav,F
468,/home/peterr/macocu/task11/data_gender/seg.2Z4W7McjAVw_4914.93-4934.48.wav,F
469,/home/peterr/macocu/task11/data_gender/seg.aPVISDSjwcE_5408.98-5424.09.wav,F
470,/home/peterr/macocu/task11/data_gender/seg.xSErR_WVD4g_12608.24-12628.07.wav,F
471,/home/peterr/macocu/task11/data_gender/seg.aln8TypLXOM_16744.88-16755.12.wav,F
472,/home/peterr/macocu/task11/data_gender/seg.YODoaZEf0AA_9850.15-9853.47.wav,F
473,/home/peterr/macocu/task11/data_gender/seg.aPVISDSjwcE_9969.51-9989.19.wav,F
474,/home/peterr/macocu/task11/data_gender/seg.xSErR_WVD4g_12265.73-12281.26.wav,F
475,/home/peterr/macocu/task11/data_gender/seg.aPVISDSjwcE_9076.76-9092.11.wav,F
476,/home/peterr/macocu/task11/data_gender/seg.aPVISDSjwcE_9887.04-9906.87.wav,F
477,/home/peterr/macocu/task11/data_gender/seg.o8FdsdWtvhc_17314.85-17334.2.wav,F
478,/home/peterr/macocu/task11/data_gender/seg.o8FdsdWtvhc_3020.59-3025.04.wav,F
479,/home/peterr/macocu/task11/data_gender/seg.yPzSRPk7Xu4_13709.98-13716.74.wav,F
480,/home/peterr/macocu/task11/data_gender/seg.1VEe0dkWXfc_12718.34-12738.25.wav,F
481,/home/peterr/macocu/task11/data_gender/seg.BddjK8Gf1Hk_5013.57-5032.26.wav,F
482,/home/peterr/macocu/task11/data_gender/seg.OI1RRs1lbh0_19904.07-19922.52.wav,F
483,/home/peterr/macocu/task11/data_gender/seg.jVFY2WuhmwU_2340.8-2347.28.wav,F
484,/home/peterr/macocu/task11/data_gender/seg.BMBA_mVyQYs_5940.71-5960.66.wav,F
485,/home/peterr/macocu/task11/data_gender/seg.VyeKrbwhKN0_16637.77-16657.03.wav,F
486,/home/peterr/macocu/task11/data_gender/seg.A7MViHGC5hw_1213.14-1232.84.wav,F
487,/home/peterr/macocu/task11/data_gender/seg.JxzqEMWNUro_741.99-747.46.wav,F
488,/home/peterr/macocu/task11/data_gender/seg.JxzqEMWNUro_4045.62-4065.43.wav,F
489,/home/peterr/macocu/task11/data_gender/seg.OI1RRs1lbh0_19982.64-19997.51.wav,F
490,/home/peterr/macocu/task11/data_gender/seg.BddjK8Gf1Hk_5054.01-5073.99.wav,F
491,/home/peterr/macocu/task11/data_gender/seg.VyeKrbwhKN0_16798.81-16818.73.wav,F
492,/home/peterr/macocu/task11/data_gender/seg.A7MViHGC5hw_3409.82-3426.78.wav,F
493,/home/peterr/macocu/task11/data_gender/seg.BMBA_mVyQYs_5885.33-5899.72.wav,F
494,/home/peterr/macocu/task11/data_gender/seg.A7MViHGC5hw_1372.67-1392.33.wav,F
495,/home/peterr/macocu/task11/data_gender/seg.JxzqEMWNUro_1214.16-1230.61.wav,F
496,/home/peterr/macocu/task11/data_gender/seg.1ap6gfk6EE0_1224.81-1244.5.wav,F
497,/home/peterr/macocu/task11/data_gender/seg.3J-MLuBDwC4_515.36-535.31.wav,F
498,/home/peterr/macocu/task11/data_gender/seg.BMBA_mVyQYs_6213.9-6229.81.wav,F
499,/home/peterr/macocu/task11/data_gender/seg.BMBA_mVyQYs_3041.05-3060.37.wav,F
500,/home/peterr/macocu/task11/data_gender/seg.KMGKU5I8aUQ_12213.06-12232.89.wav,M
501,/home/peterr/macocu/task11/data_gender/seg.xbgYVKmXxg8_23488.5-23507.71.wav,M
502,/home/peterr/macocu/task11/data_gender/seg.Zew7iCnGSwo_11255.61-11273.35.wav,M
503,/home/peterr/macocu/task11/data_gender/seg.K-mnBdJr3Fc_2292.72-2308.65.wav,M
504,/home/peterr/macocu/task11/data_gender/seg.LfkFqOr01h4_4231.01-4242.34.wav,M
505,/home/peterr/macocu/task11/data_gender/seg.Kjyn-8vCedk_8136.68-8139.28.wav,M
506,/home/peterr/macocu/task11/data_gender/seg.p0xPaEZ2p3I_15970.53-15984.76.wav,M
507,/home/peterr/macocu/task11/data_gender/seg.KMGKU5I8aUQ_7794.75-7800.86.wav,M
508,/home/peterr/macocu/task11/data_gender/seg.lWX2r1tX_bg_484.94-487.05.wav,M
509,/home/peterr/macocu/task11/data_gender/seg.7_GGu-uPv-E_8275.83-8290.89.wav,M
510,/home/peterr/macocu/task11/data_gender/seg.xbgYVKmXxg8_17382.76-17401.94.wav,M
511,/home/peterr/macocu/task11/data_gender/seg.64LGQKLo4Pw_8010.07-8011.53.wav,M
512,/home/peterr/macocu/task11/data_gender/seg.vHVhWe9Cp4E_5075.25-5084.73.wav,M
513,/home/peterr/macocu/task11/data_gender/seg._VrhtTcPNm8_21736.47-21756.47.wav,M
514,/home/peterr/macocu/task11/data_gender/seg.K-mnBdJr3Fc_2615.9-2624.44.wav,M
515,/home/peterr/macocu/task11/data_gender/seg.7_GGu-uPv-E_7995.8-8005.11.wav,M
516,/home/peterr/macocu/task11/data_gender/seg.PliNdWocAg4_7867.64-7878.22.wav,M
517,/home/peterr/macocu/task11/data_gender/seg.Hr5kNf8OytU_19096.49-19113.54.wav,M
518,/home/peterr/macocu/task11/data_gender/seg.KMGKU5I8aUQ_12556.88-12571.17.wav,M
519,/home/peterr/macocu/task11/data_gender/seg.CubdbvUkuI4_1880.26-1896.85.wav,M
520,/home/peterr/macocu/task11/data_gender/seg.cI9XslP_dOw_8750.5-8770.14.wav,M
521,/home/peterr/macocu/task11/data_gender/seg.8AWHBpKrfTM_5926.57-5946.55.wav,M
522,/home/peterr/macocu/task11/data_gender/seg.cJuiEqOfbV8_17061.87-17081.59.wav,M
523,/home/peterr/macocu/task11/data_gender/seg.hABuzXDgV50_15561.05-15580.79.wav,M
524,/home/peterr/macocu/task11/data_gender/seg.wGcZ33lyWUY_7854.01-7873.94.wav,M
525,/home/peterr/macocu/task11/data_gender/seg.f9bYjY87cMI_1840.66-1857.64.wav,M
526,/home/peterr/macocu/task11/data_gender/seg.hABuzXDgV50_15734.02-15753.7.wav,M
527,/home/peterr/macocu/task11/data_gender/seg.FYva30UGvBE_5389.89-5409.49.wav,M
528,/home/peterr/macocu/task11/data_gender/seg.1qhxcYJg5yk_9312.4-9332.02.wav,M
529,/home/peterr/macocu/task11/data_gender/seg.SfBHV0AkjxI_240.35-260.31.wav,M
530,/home/peterr/macocu/task11/data_gender/seg.L6ILB2DxLMw_16398.05-16417.82.wav,M
531,/home/peterr/macocu/task11/data_gender/seg.xkLml1cYbQw_10041.46-10061.33.wav,M
532,/home/peterr/macocu/task11/data_gender/seg.AP4Qjd9vR7U_5081.76-5101.58.wav,M
533,/home/peterr/macocu/task11/data_gender/seg.kDTIPoF6tTM_11148.01-11167.84.wav,M
534,/home/peterr/macocu/task11/data_gender/seg.KbyVU_5030Y_7623.17-7642.88.wav,M
535,/home/peterr/macocu/task11/data_gender/seg.1RiO-fXbo-c_9151.71-9171.47.wav,M
536,/home/peterr/macocu/task11/data_gender/seg.SFq6Nqx7cXc_10853.2-10854.46.wav,M
537,/home/peterr/macocu/task11/data_gender/seg.eWxcWiMNqe4_2956.1-2975.98.wav,M
538,/home/peterr/macocu/task11/data_gender/seg.kDTIPoF6tTM_11029.13-11048.24.wav,M
539,/home/peterr/macocu/task11/data_gender/seg.X_6fTHwFfpM_14071.61-14079.67.wav,M
540,/home/peterr/macocu/task11/data_gender/seg.zIjE0oB5OIg_2600.79-2620.45.wav,M
541,/home/peterr/macocu/task11/data_gender/seg.Jnoeay6g96I_8532.73-8552.46.wav,M
542,/home/peterr/macocu/task11/data_gender/seg.mGJ-n2xBISA_18909.39-18911.75.wav,M
543,/home/peterr/macocu/task11/data_gender/seg.-EO06cT21uY_7754.39-7763.55.wav,M
544,/home/peterr/macocu/task11/data_gender/seg.amGNo5659ms_2958.96-2978.78.wav,M
545,/home/peterr/macocu/task11/data_gender/seg.6Ly_JAaLNKs_17769.15-17789.15.wav,M
546,/home/peterr/macocu/task11/data_gender/seg.YOYZ7PwizwI_9929.95-9932.37.wav,M
547,/home/peterr/macocu/task11/data_gender/seg.Zq_p2_SIZHI_19894.96-19911.74.wav,M
548,/home/peterr/macocu/task11/data_gender/seg.wTkP0z46x58_9780.4-9794.22.wav,M
549,/home/peterr/macocu/task11/data_gender/seg.RXOa3U8eUFc_7424.58-7439.3.wav,M
550,/home/peterr/macocu/task11/data_gender/seg.eul4eKJoD-w_1724.53-1739.76.wav,M
551,/home/peterr/macocu/task11/data_gender/seg.4_yZqDEYbaw_20825.01-20844.5.wav,M
552,/home/peterr/macocu/task11/data_gender/seg.KFQYvnZe5F0_9520.6-9540.38.wav,M
553,/home/peterr/macocu/task11/data_gender/seg.1WBg7il8jfQ_3272.0-3276.85.wav,M
554,/home/peterr/macocu/task11/data_gender/seg.9-BrOg_DMe8_11588.61-11606.2.wav,M
555,/home/peterr/macocu/task11/data_gender/seg.bFuM6vBlCQE_12085.79-12102.29.wav,M
556,/home/peterr/macocu/task11/data_gender/seg.aln8TypLXOM_2493.88-2509.78.wav,M
557,/home/peterr/macocu/task11/data_gender/seg.0B0WeuW03SY_5411.45-5430.86.wav,M
558,/home/peterr/macocu/task11/data_gender/seg.Ejm2NksW8VU_6138.32-6152.05.wav,M
559,/home/peterr/macocu/task11/data_gender/seg.amGNo5659ms_7908.53-7924.76.wav,M
560,/home/peterr/macocu/task11/data_gender/seg.SpYPAZPO3hE_18767.79-18787.46.wav,M
561,/home/peterr/macocu/task11/data_gender/seg.I27W0FVLD2I_18774.22-18791.7.wav,M
562,/home/peterr/macocu/task11/data_gender/seg.y2d5LOhu3Zk_8520.22-8527.26.wav,M
563,/home/peterr/macocu/task11/data_gender/seg.WtMFYtpl2U0_13471.28-13490.67.wav,M
564,/home/peterr/macocu/task11/data_gender/seg.YPRcJ55pmOk_17079.8-17087.5.wav,M
565,/home/peterr/macocu/task11/data_gender/seg.14gZyn_QyTw_9544.95-9564.44.wav,M
566,/home/peterr/macocu/task11/data_gender/seg.1QYBXziV7rU_18500.45-18509.86.wav,M
567,/home/peterr/macocu/task11/data_gender/seg.TuxTSCqE0dg_7408.83-7419.69.wav,M
568,/home/peterr/macocu/task11/data_gender/seg.-EO06cT21uY_21465.36-21481.76.wav,M
569,/home/peterr/macocu/task11/data_gender/seg.sR_p6PbQPeI_18909.4-18929.35.wav,M
570,/home/peterr/macocu/task11/data_gender/seg.-HUBqKWPLr4_12716.51-12735.96.wav,M
571,/home/peterr/macocu/task11/data_gender/seg.z9cwT3KvAxE_6162.41-6182.36.wav,M
572,/home/peterr/macocu/task11/data_gender/seg.dpKsbH3SErQ_12213.72-12224.93.wav,M
573,/home/peterr/macocu/task11/data_gender/seg.A44UFMcUAMU_9257.49-9277.13.wav,M
574,/home/peterr/macocu/task11/data_gender/seg.9W67_smR7qM_9341.24-9353.14.wav,M
575,/home/peterr/macocu/task11/data_gender/seg.14gZyn_QyTw_9695.09-9712.85.wav,M
576,/home/peterr/macocu/task11/data_gender/seg.bFuM6vBlCQE_21243.3-21263.23.wav,M
577,/home/peterr/macocu/task11/data_gender/seg.6SHhUaPhbtk_4858.48-4859.7.wav,M
578,/home/peterr/macocu/task11/data_gender/seg.MOOjWQIy7ZY_12009.72-12026.39.wav,M
579,/home/peterr/macocu/task11/data_gender/seg.0u-mC0AnmKA_6658.39-6666.79.wav,M
580,/home/peterr/macocu/task11/data_gender/seg.BDN60AFiiYo_10679.55-10691.46.wav,M
581,/home/peterr/macocu/task11/data_gender/seg.P_Mg7lLr7cA_7617.85-7619.04.wav,M
582,/home/peterr/macocu/task11/data_gender/seg.c_TlJMA1HVk_4149.7-4169.66.wav,M
583,/home/peterr/macocu/task11/data_gender/seg.LEKQdBSBqqE_16397.09-16398.82.wav,M
584,/home/peterr/macocu/task11/data_gender/seg.P_Mg7lLr7cA_10384.54-10402.08.wav,M
585,/home/peterr/macocu/task11/data_gender/seg.VyeKrbwhKN0_3985.86-3998.81.wav,M
586,/home/peterr/macocu/task11/data_gender/seg.B3C2adb255g_1167.3-1184.22.wav,M
587,/home/peterr/macocu/task11/data_gender/seg.EBH_kjsH-bw_9673.37-9692.78.wav,M
588,/home/peterr/macocu/task11/data_gender/seg.cZ5xMJ7MZQ4_11280.68-11292.69.wav,M
589,/home/peterr/macocu/task11/data_gender/seg.qNpeHxO0WzA_20016.08-20026.71.wav,M
590,/home/peterr/macocu/task11/data_gender/seg.EWvgCI72HpM_12099.96-12102.5.wav,M
591,/home/peterr/macocu/task11/data_gender/seg.sWBe0km86mA_7721.7-7741.27.wav,M
592,/home/peterr/macocu/task11/data_gender/seg.mGJ-n2xBISA_22119.36-22124.11.wav,M
593,/home/peterr/macocu/task11/data_gender/seg.RXOa3U8eUFc_9137.75-9152.95.wav,M
594,/home/peterr/macocu/task11/data_gender/seg.P_Mg7lLr7cA_13678.99-13698.46.wav,M
595,/home/peterr/macocu/task11/data_gender/seg.goA6R01h4aE_3004.07-3023.39.wav,M
596,/home/peterr/macocu/task11/data_gender/seg.czW-aQjn04c_20274.05-20281.8.wav,M
597,/home/peterr/macocu/task11/data_gender/seg.ccxh8m_cg3A_14592.97-14603.4.wav,M
598,/home/peterr/macocu/task11/data_gender/seg.Q2UcT745iHQ_14441.69-14460.1.wav,M
599,/home/peterr/macocu/task11/data_gender/seg.6brMYGcwDbY_2744.81-2761.98.wav,M
600,/home/peterr/macocu/task11/data_gender/seg.mGJ-n2xBISA_3600.56-3619.62.wav,M
601,/home/peterr/macocu/task11/data_gender/seg.IAOBdyNMgYQ_21694.19-21711.24.wav,M
602,/home/peterr/macocu/task11/data_gender/seg.q_JZcqUwpHQ_10999.92-11010.91.wav,M
603,/home/peterr/macocu/task11/data_gender/seg.CjM2LMQC4gg_19125.81-19143.01.wav,M
604,/home/peterr/macocu/task11/data_gender/seg.C2P-jPLGFSk_6344.81-6358.15.wav,M
605,/home/peterr/macocu/task11/data_gender/seg.O-3YNW9gAaw_3748.86-3768.46.wav,M
606,/home/peterr/macocu/task11/data_gender/seg.oNbwZtGCYhE_20068.02-20083.69.wav,M
607,/home/peterr/macocu/task11/data_gender/seg.tutWN0KpWAw_13561.4-13580.17.wav,M
608,/home/peterr/macocu/task11/data_gender/seg.q_JZcqUwpHQ_11119.6-11129.17.wav,M
609,/home/peterr/macocu/task11/data_gender/seg._QfqIOIdu_E_7458.03-7476.74.wav,M
610,/home/peterr/macocu/task11/data_gender/seg.jFJqRQYd2eg_9037.97-9057.27.wav,M
611,/home/peterr/macocu/task11/data_gender/seg.4KAefCQbnnM_10588.59-10595.06.wav,M
612,/home/peterr/macocu/task11/data_gender/seg.4KAefCQbnnM_10596.25-10616.05.wav,M
613,/home/peterr/macocu/task11/data_gender/seg.tutWN0KpWAw_13380.41-13399.76.wav,M
614,/home/peterr/macocu/task11/data_gender/seg.WtMFYtpl2U0_8328.75-8348.55.wav,M
615,/home/peterr/macocu/task11/data_gender/seg.AFgbsyWibPE_1274.58-1286.6.wav,M
616,/home/peterr/macocu/task11/data_gender/seg.CjM2LMQC4gg_21049.96-21067.3.wav,M
617,/home/peterr/macocu/task11/data_gender/seg.5WDx2n2vP14_5469.55-5489.15.wav,M
618,/home/peterr/macocu/task11/data_gender/seg.AP4Qjd9vR7U_7705.81-7719.16.wav,M
619,/home/peterr/macocu/task11/data_gender/seg.Zq_p2_SIZHI_10686.17-10703.3.wav,M
620,/home/peterr/macocu/task11/data_gender/seg.K9IqJo93eoM_9246.87-9266.54.wav,M
621,/home/peterr/macocu/task11/data_gender/seg.1qhxcYJg5yk_4792.81-4812.57.wav,M
622,/home/peterr/macocu/task11/data_gender/seg.rojNZzA-im4_15284.82-15302.35.wav,M
623,/home/peterr/macocu/task11/data_gender/seg.Zew7iCnGSwo_12030.11-12049.8.wav,M
624,/home/peterr/macocu/task11/data_gender/seg.j2243qnSAZc_21575.48-21595.4.wav,M
625,/home/peterr/macocu/task11/data_gender/seg.rojNZzA-im4_17790.27-17810.26.wav,M
626,/home/peterr/macocu/task11/data_gender/seg.l_K8z4JMT9k_3731.35-3741.88.wav,M
627,/home/peterr/macocu/task11/data_gender/seg.I3iN6Ty_pdY_11171.94-11191.86.wav,M
628,/home/peterr/macocu/task11/data_gender/seg.xRzIhryERIM_6576.53-6596.12.wav,M
629,/home/peterr/macocu/task11/data_gender/seg.I3iN6Ty_pdY_11248.02-11262.94.wav,M
630,/home/peterr/macocu/task11/data_gender/seg.UPHLmUzadcg_14395.07-14414.98.wav,M
631,/home/peterr/macocu/task11/data_gender/seg.HgoQOaBJ8Dw_2835.93-2855.92.wav,M
632,/home/peterr/macocu/task11/data_gender/seg.6EuGqDbXDRw_7600.82-7618.01.wav,M
633,/home/peterr/macocu/task11/data_gender/seg.41IJX-I7KUk_7749.45-7769.27.wav,M
634,/home/peterr/macocu/task11/data_gender/seg.8DJUjkE6g2A_21436.21-21456.14.wav,M
635,/home/peterr/macocu/task11/data_gender/seg.U39UIQwM-lg_10598.46-10618.43.wav,M
636,/home/peterr/macocu/task11/data_gender/seg.PAKRaXXMxVY_16609.36-16628.84.wav,M
637,/home/peterr/macocu/task11/data_gender/seg.Ki_SnDM_EkQ_4831.48-4846.74.wav,M
638,/home/peterr/macocu/task11/data_gender/seg.LFVfcCY2ebk_20932.24-20946.28.wav,M
639,/home/peterr/macocu/task11/data_gender/seg.xRzIhryERIM_6442.57-6462.2.wav,M
640,/home/peterr/macocu/task11/data_gender/seg.btzBgb-_Skc_17878.05-17892.12.wav,M
641,/home/peterr/macocu/task11/data_gender/seg.d2D71aNeq5Y_21100.53-21110.56.wav,M
642,/home/peterr/macocu/task11/data_gender/seg.p59_k3C9hq4_16255.96-16275.38.wav,M
643,/home/peterr/macocu/task11/data_gender/seg.WERiM2OV6BU_14945.09-14951.02.wav,M
644,/home/peterr/macocu/task11/data_gender/seg.p59_k3C9hq4_16234.88-16254.38.wav,M
645,/home/peterr/macocu/task11/data_gender/seg.-aa4kot7dUU_18633.38-18653.29.wav,M
646,/home/peterr/macocu/task11/data_gender/seg.ChLhsFZXpo0_7222.86-7237.81.wav,M
647,/home/peterr/macocu/task11/data_gender/seg.LEKQdBSBqqE_21955.87-21972.44.wav,M
648,/home/peterr/macocu/task11/data_gender/seg.6EuGqDbXDRw_3925.63-3940.97.wav,M
649,/home/peterr/macocu/task11/data_gender/seg.JCYHjcej-E4_1896.21-1913.92.wav,M
650,/home/peterr/macocu/task11/data_gender/seg.GfIdrQfYN4A_9772.57-9792.29.wav,M
651,/home/peterr/macocu/task11/data_gender/seg.btzBgb-_Skc_18000.82-18014.42.wav,M
652,/home/peterr/macocu/task11/data_gender/seg.Ux94YXzTmpo_13868.4-13884.58.wav,M
653,/home/peterr/macocu/task11/data_gender/seg.put21svpfW8_8873.42-8891.02.wav,M
654,/home/peterr/macocu/task11/data_gender/seg.9iFCKtK5gdI_7886.69-7906.22.wav,M
655,/home/peterr/macocu/task11/data_gender/seg.WERiM2OV6BU_15031.76-15043.2.wav,M
656,/home/peterr/macocu/task11/data_gender/seg.COa-0-o_dbc_12772.24-12791.03.wav,M
657,/home/peterr/macocu/task11/data_gender/seg.Ux94YXzTmpo_13833.9-13849.71.wav,M
658,/home/peterr/macocu/task11/data_gender/seg.btzBgb-_Skc_17962.62-17982.13.wav,M
659,/home/peterr/macocu/task11/data_gender/seg.LEKQdBSBqqE_20058.18-20076.52.wav,M
660,/home/peterr/macocu/task11/data_gender/seg.gS-innlbd7Q_3680.85-3700.65.wav,M
661,/home/peterr/macocu/task11/data_gender/seg.3bkC9ujsy_o_16618.19-16637.4.wav,M
662,/home/peterr/macocu/task11/data_gender/seg.6gTpUiJHZbw_2265.06-2282.74.wav,M
663,/home/peterr/macocu/task11/data_gender/seg.dJMQDU3U6_Y_11745.91-11752.28.wav,M
664,/home/peterr/macocu/task11/data_gender/seg.xRzIhryERIM_8942.79-8962.53.wav,M
665,/home/peterr/macocu/task11/data_gender/seg.dAeQtmiiIYE_7490.2-7510.13.wav,M
666,/home/peterr/macocu/task11/data_gender/seg.l8zdyfQzMbc_10941.85-10955.17.wav,M
667,/home/peterr/macocu/task11/data_gender/seg.9W67_smR7qM_4195.9-4209.05.wav,M
668,/home/peterr/macocu/task11/data_gender/seg.5Feg2lxQ3-I_14039.95-14059.94.wav,M
669,/home/peterr/macocu/task11/data_gender/seg.y2d5LOhu3Zk_9137.32-9153.1.wav,M
670,/home/peterr/macocu/task11/data_gender/seg.l8zdyfQzMbc_11036.47-11056.34.wav,M
671,/home/peterr/macocu/task11/data_gender/seg.1grMQpeHt7Q_3915.97-3934.7.wav,M
672,/home/peterr/macocu/task11/data_gender/seg.C_YfsZtGrNY_5868.1-5887.91.wav,M
673,/home/peterr/macocu/task11/data_gender/seg.4RMePUWtpD0_12804.3-12807.25.wav,M
674,/home/peterr/macocu/task11/data_gender/seg.9W67_smR7qM_18587.7-18607.56.wav,M
675,/home/peterr/macocu/task11/data_gender/seg.uxlAR69RGX0_2862.79-2882.19.wav,M
676,/home/peterr/macocu/task11/data_gender/seg.KCyaUbuKtRM_4753.16-4772.87.wav,M
677,/home/peterr/macocu/task11/data_gender/seg.wAvVNgL6KOk_14408.22-14427.92.wav,M
678,/home/peterr/macocu/task11/data_gender/seg.5Feg2lxQ3-I_9500.26-9510.21.wav,M
679,/home/peterr/macocu/task11/data_gender/seg.z9cwT3KvAxE_3359.23-3373.92.wav,M
680,/home/peterr/macocu/task11/data_gender/seg._XViiCiau9E_5261.6-5264.77.wav,M
681,/home/peterr/macocu/task11/data_gender/seg.pF8JV-wbmAA_3974.57-3992.96.wav,M
682,/home/peterr/macocu/task11/data_gender/seg.NsYt6iW4zeI_133.77-153.26.wav,M
683,/home/peterr/macocu/task11/data_gender/seg.Ffp0qCvvwOQ_2986.92-3002.87.wav,M
684,/home/peterr/macocu/task11/data_gender/seg.NsYt6iW4zeI_593.88-613.06.wav,M
685,/home/peterr/macocu/task11/data_gender/seg.WYQk1srnyb0_6652.29-6672.29.wav,M
686,/home/peterr/macocu/task11/data_gender/seg.3BpXkh8n9Rw_6097.47-6103.55.wav,M
687,/home/peterr/macocu/task11/data_gender/seg.IAOBdyNMgYQ_10227.78-10236.8.wav,M
688,/home/peterr/macocu/task11/data_gender/seg.5yky-shnXCM_523.87-543.61.wav,M
689,/home/peterr/macocu/task11/data_gender/seg.xEa2KjNWHt0_5303.14-5311.75.wav,M
690,/home/peterr/macocu/task11/data_gender/seg.YNkQ-8VrmLA_5185.4-5205.38.wav,M
691,/home/peterr/macocu/task11/data_gender/seg.5WDx2n2vP14_8149.39-8169.2.wav,M
692,/home/peterr/macocu/task11/data_gender/seg.XUegMjW5_z0_1792.8-1797.0.wav,M
693,/home/peterr/macocu/task11/data_gender/seg.Zew7iCnGSwo_3792.5-3812.1.wav,M
694,/home/peterr/macocu/task11/data_gender/seg.PL0ih6y_S00_3432.76-3442.5.wav,M
695,/home/peterr/macocu/task11/data_gender/seg.FB3mUATcjnY_5944.3-5958.19.wav,M
696,/home/peterr/macocu/task11/data_gender/seg.L6ILB2DxLMw_2902.47-2922.41.wav,M
697,/home/peterr/macocu/task11/data_gender/seg.SvOjrvZ4PlY_7062.08-7080.76.wav,M
698,/home/peterr/macocu/task11/data_gender/seg.cgqq7U2hixw_8949.15-8968.84.wav,M
699,/home/peterr/macocu/task11/data_gender/seg.LOMzK5-JN00_7890.02-7905.79.wav,M
700,/home/peterr/macocu/task11/data_gender/seg.-aa4kot7dUU_5410.75-5422.5.wav,M
701,/home/peterr/macocu/task11/data_gender/seg.I5J5BdbhUKc_5641.23-5647.12.wav,M
702,/home/peterr/macocu/task11/data_gender/seg.BMBA_mVyQYs_10001.58-10015.91.wav,M
703,/home/peterr/macocu/task11/data_gender/seg.r4duIMZKqTU_17475.15-17494.67.wav,M
704,/home/peterr/macocu/task11/data_gender/seg.CjM2LMQC4gg_3663.06-3682.72.wav,M
705,/home/peterr/macocu/task11/data_gender/seg.iaSzdQ2bAew_2469.04-2488.84.wav,M
706,/home/peterr/macocu/task11/data_gender/seg.-aa4kot7dUU_7835.45-7855.31.wav,M
707,/home/peterr/macocu/task11/data_gender/seg.CjM2LMQC4gg_6192.2-6207.85.wav,M
708,/home/peterr/macocu/task11/data_gender/seg.I5J5BdbhUKc_5758.51-5759.04.wav,M
709,/home/peterr/macocu/task11/data_gender/seg.-aa4kot7dUU_3806.13-3825.96.wav,M
710,/home/peterr/macocu/task11/data_gender/seg.AUZxNF3C_8A_1436.62-1456.01.wav,M
711,/home/peterr/macocu/task11/data_gender/seg.tLvMF9pRrrU_18720.59-18734.0.wav,M
712,/home/peterr/macocu/task11/data_gender/seg.zAwNtKKEasY_3108.99-3123.77.wav,M
713,/home/peterr/macocu/task11/data_gender/seg.K9IqJo93eoM_7349.4-7367.57.wav,M
714,/home/peterr/macocu/task11/data_gender/seg.zIjE0oB5OIg_21263.62-21283.5.wav,M
715,/home/peterr/macocu/task11/data_gender/seg.9OonssGSXmM_16668.28-16685.81.wav,M
716,/home/peterr/macocu/task11/data_gender/seg.6pmNYgwr64Q_21925.24-21941.75.wav,M
717,/home/peterr/macocu/task11/data_gender/seg.CjM2LMQC4gg_3811.18-3831.08.wav,M
718,/home/peterr/macocu/task11/data_gender/seg.6pmNYgwr64Q_22057.13-22076.92.wav,M
719,/home/peterr/macocu/task11/data_gender/seg.CjM2LMQC4gg_3386.07-3393.2.wav,M
720,/home/peterr/macocu/task11/data_gender/seg.WlyHHY4GAuA_2809.73-2829.72.wav,M
721,/home/peterr/macocu/task11/data_gender/seg.BMBA_mVyQYs_2359.46-2362.17.wav,M
722,/home/peterr/macocu/task11/data_gender/seg.vJ4gib9EDcU_17393.63-17413.18.wav,M
723,/home/peterr/macocu/task11/data_gender/seg.qne0Iegffug_12849.89-12866.66.wav,M
724,/home/peterr/macocu/task11/data_gender/seg.BMBA_mVyQYs_2382.92-2402.61.wav,M
725,/home/peterr/macocu/task11/data_gender/seg.9iFCKtK5gdI_5738.29-5757.0.wav,M
726,/home/peterr/macocu/task11/data_gender/seg.A7MViHGC5hw_19986.01-20005.91.wav,M
727,/home/peterr/macocu/task11/data_gender/seg.AUZxNF3C_8A_16914.67-16925.03.wav,M
728,/home/peterr/macocu/task11/data_gender/seg.YPRcJ55pmOk_6252.82-6254.43.wav,M
729,/home/peterr/macocu/task11/data_gender/seg.WlyHHY4GAuA_2166.52-2185.42.wav,M
730,/home/peterr/macocu/task11/data_gender/seg.9UCrtnKBgqs_17585.74-17605.49.wav,M
731,/home/peterr/macocu/task11/data_gender/seg.tRNUGHifXv4_3765.47-3785.29.wav,M
732,/home/peterr/macocu/task11/data_gender/seg.ccxh8m_cg3A_14308.87-14328.43.wav,M
733,/home/peterr/macocu/task11/data_gender/seg.WlyHHY4GAuA_7666.95-7685.69.wav,M
734,/home/peterr/macocu/task11/data_gender/seg.Ow2zEc4S9Tk_13471.66-13486.22.wav,M
735,/home/peterr/macocu/task11/data_gender/seg.KIpM2SKu0Y4_2875.14-2881.21.wav,M
736,/home/peterr/macocu/task11/data_gender/seg.vJ4gib9EDcU_17653.26-17672.94.wav,M
737,/home/peterr/macocu/task11/data_gender/seg.4I1CHN8ZRCA_7573.43-7593.43.wav,M
738,/home/peterr/macocu/task11/data_gender/seg.q_JZcqUwpHQ_11722.74-11739.42.wav,M
739,/home/peterr/macocu/task11/data_gender/seg.1VEe0dkWXfc_9530.57-9540.59.wav,M
740,/home/peterr/macocu/task11/data_gender/seg.KMGKU5I8aUQ_7696.97-7716.26.wav,M
741,/home/peterr/macocu/task11/data_gender/seg.AAT6OADGdNM_5107.78-5110.56.wav,M
742,/home/peterr/macocu/task11/data_gender/seg.CjM2LMQC4gg_4425.09-4445.09.wav,M
743,/home/peterr/macocu/task11/data_gender/seg.C_YfsZtGrNY_4638.57-4645.75.wav,M
744,/home/peterr/macocu/task11/data_gender/seg.SRhyViQQhoM_9302.58-9322.28.wav,M
745,/home/peterr/macocu/task11/data_gender/seg.WlyHHY4GAuA_21929.1-21942.73.wav,M
746,/home/peterr/macocu/task11/data_gender/seg.XDOVoojci5A_12200.46-12209.28.wav,M
747,/home/peterr/macocu/task11/data_gender/seg.fZOW76tl9E8_16914.8-16934.66.wav,M
748,/home/peterr/macocu/task11/data_gender/seg.dAeQtmiiIYE_7764.12-7780.73.wav,M
749,/home/peterr/macocu/task11/data_gender/seg.LEKQdBSBqqE_15013.61-15028.03.wav,M
750,/home/peterr/macocu/task11/data_gender/seg.C5AIqruVTag_24010.99-24030.59.wav,M
751,/home/peterr/macocu/task11/data_gender/seg.V_e2sdFELaM_17810.87-17824.52.wav,M
752,/home/peterr/macocu/task11/data_gender/seg.oNbwZtGCYhE_4883.18-4892.91.wav,M
753,/home/peterr/macocu/task11/data_gender/seg.MzGBkhrNCLo_4059.94-4079.75.wav,M
754,/home/peterr/macocu/task11/data_gender/seg.WxZ56YrFUW8_4796.88-4816.52.wav,M
755,/home/peterr/macocu/task11/data_gender/seg.Y7PdboTaXxw_3263.57-3279.93.wav,M
756,/home/peterr/macocu/task11/data_gender/seg.fZOW76tl9E8_17489.74-17509.34.wav,M
757,/home/peterr/macocu/task11/data_gender/seg.Y7PdboTaXxw_3319.13-3338.88.wav,M
758,/home/peterr/macocu/task11/data_gender/seg.U4L5-6b9enE_11832.2-11852.12.wav,M
759,/home/peterr/macocu/task11/data_gender/seg.sdD4_tpoBNY_8441.05-8460.91.wav,M
760,/home/peterr/macocu/task11/data_gender/seg.ChLhsFZXpo0_16890.49-16909.3.wav,M
761,/home/peterr/macocu/task11/data_gender/seg.HPNtNCyYTuo_2947.16-2966.68.wav,M
762,/home/peterr/macocu/task11/data_gender/seg.S2arE590S-c_11068.17-11086.8.wav,M
763,/home/peterr/macocu/task11/data_gender/seg._g-mjsl5lhE_2682.81-2693.79.wav,M
764,/home/peterr/macocu/task11/data_gender/seg.U8TNjDSZquc_4126.75-4146.72.wav,M
765,/home/peterr/macocu/task11/data_gender/seg.d2D71aNeq5Y_13092.55-13111.94.wav,M
766,/home/peterr/macocu/task11/data_gender/seg.ChLhsFZXpo0_10324.34-10340.31.wav,M
767,/home/peterr/macocu/task11/data_gender/seg.wIZU5TbDct4_20241.57-20261.4.wav,M
768,/home/peterr/macocu/task11/data_gender/seg.vHVhWe9Cp4E_1146.36-1160.18.wav,M
769,/home/peterr/macocu/task11/data_gender/seg.S2arE590S-c_17120.85-17138.12.wav,M
770,/home/peterr/macocu/task11/data_gender/seg.IF1blZ6YSMA_4525.28-4543.74.wav,M
771,/home/peterr/macocu/task11/data_gender/seg.y1P0xTGUfkQ_14113.47-14133.37.wav,M
772,/home/peterr/macocu/task11/data_gender/seg.VyeKrbwhKN0_13659.09-13677.52.wav,M
773,/home/peterr/macocu/task11/data_gender/seg.invFHSxR5nA_3921.27-3930.52.wav,M
774,/home/peterr/macocu/task11/data_gender/seg.ChLhsFZXpo0_17539.58-17555.28.wav,M
775,/home/peterr/macocu/task11/data_gender/seg.OmcDtlzv2Xs_6792.31-6805.92.wav,M
776,/home/peterr/macocu/task11/data_gender/seg.IF1blZ6YSMA_5345.97-5358.06.wav,M
777,/home/peterr/macocu/task11/data_gender/seg.S2arE590S-c_15576.73-15596.39.wav,M
778,/home/peterr/macocu/task11/data_gender/seg._g-mjsl5lhE_3134.57-3154.5.wav,M
779,/home/peterr/macocu/task11/data_gender/seg.U8TNjDSZquc_4417.87-4418.62.wav,M
780,/home/peterr/macocu/task11/data_gender/seg.-k1z8behXXg_5536.1-5555.63.wav,M
781,/home/peterr/macocu/task11/data_gender/seg._QfqIOIdu_E_3559.5-3567.7.wav,M
782,/home/peterr/macocu/task11/data_gender/seg.DAK6_2rs1Fg_3844.12-3846.07.wav,M
783,/home/peterr/macocu/task11/data_gender/seg.m0_tp7wqYxI_21013.49-21033.1.wav,M
784,/home/peterr/macocu/task11/data_gender/seg.Qx46Ey24m78_1350.22-1369.86.wav,M
785,/home/peterr/macocu/task11/data_gender/seg.jus1M1j8vPo_2676.05-2685.63.wav,M
786,/home/peterr/macocu/task11/data_gender/seg.rAW9SJv_NFc_1720.77-1739.8.wav,M
787,/home/peterr/macocu/task11/data_gender/seg.LRfFnUQrpN4_4734.3-4753.91.wav,M
788,/home/peterr/macocu/task11/data_gender/seg.BDN60AFiiYo_18600.88-18620.54.wav,M
789,/home/peterr/macocu/task11/data_gender/seg.oS1BYgFER90_4935.57-4953.87.wav,M
790,/home/peterr/macocu/task11/data_gender/seg.WYQk1srnyb0_13452.81-13459.13.wav,M
791,/home/peterr/macocu/task11/data_gender/seg.TomQtZcqht0_2391.98-2411.53.wav,M
792,/home/peterr/macocu/task11/data_gender/seg.sS-59mIBXVc_11736.69-11756.28.wav,M
793,/home/peterr/macocu/task11/data_gender/seg.m0_tp7wqYxI_21069.25-21081.05.wav,M
794,/home/peterr/macocu/task11/data_gender/seg.AAT6OADGdNM_5820.84-5840.41.wav,M
795,/home/peterr/macocu/task11/data_gender/seg.TomQtZcqht0_6313.39-6333.36.wav,M
796,/home/peterr/macocu/task11/data_gender/seg.v44Chne6UCw_767.41-787.24.wav,M
797,/home/peterr/macocu/task11/data_gender/seg.LRfFnUQrpN4_5991.9-6010.54.wav,M
798,/home/peterr/macocu/task11/data_gender/seg.AAT6OADGdNM_6107.76-6125.57.wav,M
799,/home/peterr/macocu/task11/data_gender/seg.m0_tp7wqYxI_19268.83-19286.67.wav,M
800,/home/peterr/macocu/task11/data_gender/seg.uw9F1iFk36s_13270.34-13290.21.wav,M
801,/home/peterr/macocu/task11/data_gender/seg.L6ILB2DxLMw_6557.58-6577.45.wav,M
802,/home/peterr/macocu/task11/data_gender/seg.C2P-jPLGFSk_14303.89-14323.77.wav,M
803,/home/peterr/macocu/task11/data_gender/seg.trR2lbmaJ4I_8413.32-8433.15.wav,M
804,/home/peterr/macocu/task11/data_gender/seg.qmyWlgt8OUE_7792.28-7803.45.wav,M
805,/home/peterr/macocu/task11/data_gender/seg.k0VzxBzGQ-s_732.72-747.24.wav,M
806,/home/peterr/macocu/task11/data_gender/seg.rojNZzA-im4_18272.16-18291.8.wav,M
807,/home/peterr/macocu/task11/data_gender/seg.tvTuGZ_fgLM_13524.28-13540.62.wav,M
808,/home/peterr/macocu/task11/data_gender/seg.AUZxNF3C_8A_6084.08-6104.0.wav,M
809,/home/peterr/macocu/task11/data_gender/seg.jnqNq5ud6Vo_14251.31-14270.99.wav,M
810,/home/peterr/macocu/task11/data_gender/seg.d2D71aNeq5Y_14958.45-14978.22.wav,M
811,/home/peterr/macocu/task11/data_gender/seg.PpLB6LGWuZs_7538.53-7558.39.wav,M
812,/home/peterr/macocu/task11/data_gender/seg.rwxXXCrpWBU_9897.14-9916.42.wav,M
813,/home/peterr/macocu/task11/data_gender/seg.PpLB6LGWuZs_7281.66-7301.05.wav,M
814,/home/peterr/macocu/task11/data_gender/seg.SwIQZRaIT0I_11995.58-12011.25.wav,M
815,/home/peterr/macocu/task11/data_gender/seg.PpLB6LGWuZs_11992.92-12005.64.wav,M
816,/home/peterr/macocu/task11/data_gender/seg.mvyT8Q9r1JQ_5797.57-5816.61.wav,M
817,/home/peterr/macocu/task11/data_gender/seg.Q2UcT745iHQ_13757.44-13776.94.wav,M
818,/home/peterr/macocu/task11/data_gender/seg.vtRN30WCBjE_18878.91-18885.65.wav,M
819,/home/peterr/macocu/task11/data_gender/seg.XDOVoojci5A_24067.31-24087.13.wav,M
820,/home/peterr/macocu/task11/data_gender/seg.rFVDr4ghXlQ_10620.07-10632.05.wav,M
821,/home/peterr/macocu/task11/data_gender/seg.hABuzXDgV50_16531.13-16548.52.wav,M
822,/home/peterr/macocu/task11/data_gender/seg.l8zdyfQzMbc_21299.55-21315.38.wav,M
823,/home/peterr/macocu/task11/data_gender/seg.COa-0-o_dbc_14500.05-14504.68.wav,M
824,/home/peterr/macocu/task11/data_gender/seg.LFVfcCY2ebk_15290.05-15306.38.wav,M
825,/home/peterr/macocu/task11/data_gender/seg.YOYZ7PwizwI_11891.18-11901.54.wav,M
826,/home/peterr/macocu/task11/data_gender/seg.U8TNjDSZquc_7729.46-7730.19.wav,M
827,/home/peterr/macocu/task11/data_gender/seg.j2243qnSAZc_17180.84-17195.61.wav,M
828,/home/peterr/macocu/task11/data_gender/seg.YFGScZznWNY_1584.28-1586.93.wav,M
829,/home/peterr/macocu/task11/data_gender/seg.LFVfcCY2ebk_11563.58-11575.5.wav,M
830,/home/peterr/macocu/task11/data_gender/seg.4I1CHN8ZRCA_12226.09-12232.71.wav,M
831,/home/peterr/macocu/task11/data_gender/seg.Ffp0qCvvwOQ_13572.37-13591.17.wav,M
832,/home/peterr/macocu/task11/data_gender/seg.8DJUjkE6g2A_19080.27-19098.54.wav,M
833,/home/peterr/macocu/task11/data_gender/seg.cXQ1kCWVpas_16957.62-16967.72.wav,M
834,/home/peterr/macocu/task11/data_gender/seg.AUZxNF3C_8A_9116.47-9135.92.wav,M
835,/home/peterr/macocu/task11/data_gender/seg.hABuzXDgV50_16106.06-16125.77.wav,M
836,/home/peterr/macocu/task11/data_gender/seg.9UCrtnKBgqs_12366.02-12378.31.wav,M
837,/home/peterr/macocu/task11/data_gender/seg.MjfmdeHxy0o_9122.27-9138.08.wav,M
838,/home/peterr/macocu/task11/data_gender/seg.vtRN30WCBjE_14705.04-14724.61.wav,M
839,/home/peterr/macocu/task11/data_gender/seg.KFQYvnZe5F0_15363.12-15372.75.wav,M
840,/home/peterr/macocu/task11/data_gender/seg.9iFCKtK5gdI_10185.55-10189.55.wav,M
841,/home/peterr/macocu/task11/data_gender/seg.zzEYIorfRmM_11308.36-11327.6.wav,M
842,/home/peterr/macocu/task11/data_gender/seg.zzEYIorfRmM_11125.56-11145.35.wav,M
843,/home/peterr/macocu/task11/data_gender/seg.zzEYIorfRmM_10907.69-10927.32.wav,M
844,/home/peterr/macocu/task11/data_gender/seg.fZOW76tl9E8_7033.7-7052.77.wav,M
845,/home/peterr/macocu/task11/data_gender/seg.x2t6FCoqJws_5642.46-5652.72.wav,M
846,/home/peterr/macocu/task11/data_gender/seg.fZOW76tl9E8_12807.6-12821.5.wav,M
847,/home/peterr/macocu/task11/data_gender/seg.zszY0-vwr70_7358.61-7371.24.wav,M
848,/home/peterr/macocu/task11/data_gender/seg.Bjk0tO105xU_2701.62-2720.91.wav,M
849,/home/peterr/macocu/task11/data_gender/seg.9mYs2yrz6Vg_12554.05-12574.04.wav,M
850,/home/peterr/macocu/task11/data_gender/seg.ChLhsFZXpo0_12620.77-12640.64.wav,M
851,/home/peterr/macocu/task11/data_gender/seg.fZOW76tl9E8_7180.73-7200.07.wav,M
852,/home/peterr/macocu/task11/data_gender/seg.hABuzXDgV50_9637.2-9649.53.wav,M
853,/home/peterr/macocu/task11/data_gender/seg.Uudzu-4i6JU_12291.37-12310.75.wav,M
854,/home/peterr/macocu/task11/data_gender/seg.9mYs2yrz6Vg_12915.84-12935.11.wav,M
855,/home/peterr/macocu/task11/data_gender/seg.x2t6FCoqJws_5602.86-5622.54.wav,M
856,/home/peterr/macocu/task11/data_gender/seg.41IJX-I7KUk_5295.44-5315.21.wav,M
857,/home/peterr/macocu/task11/data_gender/seg.fO_0QkfOgis_7211.83-7223.57.wav,M
858,/home/peterr/macocu/task11/data_gender/seg.-ZstXL0NcOo_9168.49-9187.95.wav,M
859,/home/peterr/macocu/task11/data_gender/seg.bB87qD5RT-Y_10518.45-10532.53.wav,M
860,/home/peterr/macocu/task11/data_gender/seg.Ko5OBGRMETo_11954.26-11968.43.wav,M
861,/home/peterr/macocu/task11/data_gender/seg.N19bvNUxHaA_785.98-805.76.wav,M
862,/home/peterr/macocu/task11/data_gender/seg.6pmNYgwr64Q_13827.41-13847.36.wav,M
863,/home/peterr/macocu/task11/data_gender/seg.b0c3WIgmQJ4_2182.44-2201.96.wav,M
864,/home/peterr/macocu/task11/data_gender/seg.7rSFJYzX7DA_2579.11-2595.33.wav,M
865,/home/peterr/macocu/task11/data_gender/seg.oS1BYgFER90_3259.23-3269.2.wav,M
866,/home/peterr/macocu/task11/data_gender/seg._QfqIOIdu_E_2499.83-2503.21.wav,M
867,/home/peterr/macocu/task11/data_gender/seg.Zew7iCnGSwo_2953.19-2973.15.wav,M
868,/home/peterr/macocu/task11/data_gender/seg.3YwjvKTcTlI_15923.73-15942.47.wav,M
869,/home/peterr/macocu/task11/data_gender/seg.oBv0UsBoXjA_10081.47-10087.29.wav,M
870,/home/peterr/macocu/task11/data_gender/seg.NjJetqVr5IQ_8185.68-8205.53.wav,M
871,/home/peterr/macocu/task11/data_gender/seg.JvLROFws-Ko_12327.29-12335.14.wav,M
872,/home/peterr/macocu/task11/data_gender/seg.NZR9CXgZNKA_3443.72-3445.48.wav,M
873,/home/peterr/macocu/task11/data_gender/seg.Ko5OBGRMETo_11736.78-11756.19.wav,M
874,/home/peterr/macocu/task11/data_gender/seg.N19bvNUxHaA_610.59-622.51.wav,M
875,/home/peterr/macocu/task11/data_gender/seg.btzBgb-_Skc_12468.97-12487.67.wav,M
876,/home/peterr/macocu/task11/data_gender/seg.m0_tp7wqYxI_17503.65-17522.55.wav,M
877,/home/peterr/macocu/task11/data_gender/seg.jvTAOH_dT0E_13941.6-13961.3.wav,M
878,/home/peterr/macocu/task11/data_gender/seg.3YwjvKTcTlI_15208.26-15227.32.wav,M
879,/home/peterr/macocu/task11/data_gender/seg.7rSFJYzX7DA_7879.33-7898.66.wav,M
880,/home/peterr/macocu/task11/data_gender/seg.7_GGu-uPv-E_4981.8-5001.45.wav,M
881,/home/peterr/macocu/task11/data_gender/seg.kFk5q_43y9k_14653.78-14673.27.wav,M
882,/home/peterr/macocu/task11/data_gender/seg.MIv9Q5UKXdY_18848.01-18852.12.wav,M
883,/home/peterr/macocu/task11/data_gender/seg.d4vjZbnhJbU_5450.97-5470.4.wav,M
884,/home/peterr/macocu/task11/data_gender/seg.3ELsSguCWM4_8940.96-8960.14.wav,M
885,/home/peterr/macocu/task11/data_gender/seg.3ELsSguCWM4_8407.8-8427.51.wav,M
886,/home/peterr/macocu/task11/data_gender/seg.41IJX-I7KUk_13717.67-13737.43.wav,M
887,/home/peterr/macocu/task11/data_gender/seg.cXbTYCcZ8YM_15734.53-15744.76.wav,M
888,/home/peterr/macocu/task11/data_gender/seg.kFk5q_43y9k_14713.96-14733.76.wav,M
889,/home/peterr/macocu/task11/data_gender/seg.-k1z8behXXg_9794.8-9814.77.wav,M
890,/home/peterr/macocu/task11/data_gender/seg.TFTtk2nFs6I_12015.73-12035.63.wav,M
891,/home/peterr/macocu/task11/data_gender/seg.iSWQSOyd9qg_7998.35-8017.91.wav,M
892,/home/peterr/macocu/task11/data_gender/seg.7_GGu-uPv-E_4898.06-4917.74.wav,M
893,/home/peterr/macocu/task11/data_gender/seg.oNbwZtGCYhE_3619.15-3638.71.wav,M
894,/home/peterr/macocu/task11/data_gender/seg.4KAefCQbnnM_5029.4-5049.37.wav,M
895,/home/peterr/macocu/task11/data_gender/seg.IbufHi751Ek_7428.16-7448.08.wav,M
896,/home/peterr/macocu/task11/data_gender/seg.GW6f40F5DY8_11310.54-11330.26.wav,M
897,/home/peterr/macocu/task11/data_gender/seg.Y2U1PJH4kNs_20794.59-20814.35.wav,M
898,/home/peterr/macocu/task11/data_gender/seg.ROfl1iWhWyw_11497.95-11507.67.wav,M
899,/home/peterr/macocu/task11/data_gender/seg.dfz6VqXRbmE_13591.1-13610.85.wav,M
900,/home/peterr/macocu/task11/data_gender/seg.NsYt6iW4zeI_14913.95-14933.62.wav,M
901,/home/peterr/macocu/task11/data_gender/seg.p0xPaEZ2p3I_12050.18-12064.14.wav,M
902,/home/peterr/macocu/task11/data_gender/seg.EdOPd59A2NI_19411.01-19430.18.wav,M
903,/home/peterr/macocu/task11/data_gender/seg.XJfk5_KdB2s_2977.43-2986.8.wav,M
904,/home/peterr/macocu/task11/data_gender/seg.JvLROFws-Ko_6577.7-6597.11.wav,M
905,/home/peterr/macocu/task11/data_gender/seg.JfqdrI7Xd_8_7628.74-7648.4.wav,M
906,/home/peterr/macocu/task11/data_gender/seg.YPRcJ55pmOk_761.62-781.33.wav,M
907,/home/peterr/macocu/task11/data_gender/seg.Q2UcT745iHQ_8434.06-8453.89.wav,M
908,/home/peterr/macocu/task11/data_gender/seg.EdOPd59A2NI_4488.48-4508.46.wav,M
909,/home/peterr/macocu/task11/data_gender/seg.kFk5q_43y9k_7017.97-7037.33.wav,M
910,/home/peterr/macocu/task11/data_gender/seg.kFk5q_43y9k_6957.04-6967.56.wav,M
911,/home/peterr/macocu/task11/data_gender/seg.r9kJFk2ours_2436.81-2455.77.wav,M
912,/home/peterr/macocu/task11/data_gender/seg.cXbTYCcZ8YM_14936.61-14956.59.wav,M
913,/home/peterr/macocu/task11/data_gender/seg.Hlvu7goPx6c_2553.94-2573.77.wav,M
914,/home/peterr/macocu/task11/data_gender/seg.IZ-yJBxvsVo_4642.98-4657.14.wav,M
915,/home/peterr/macocu/task11/data_gender/seg.Hlvu7goPx6c_2425.03-2444.36.wav,M
916,/home/peterr/macocu/task11/data_gender/seg.IZ-yJBxvsVo_7424.37-7443.52.wav,M
917,/home/peterr/macocu/task11/data_gender/seg.SwIQZRaIT0I_12264.43-12280.37.wav,M
918,/home/peterr/macocu/task11/data_gender/seg.-k1z8behXXg_16642.32-16657.88.wav,M
919,/home/peterr/macocu/task11/data_gender/seg.YiRr0LdohZo_1539.06-1559.01.wav,M
920,/home/peterr/macocu/task11/data_gender/seg.YODoaZEf0AA_13947.7-13964.41.wav,M
921,/home/peterr/macocu/task11/data_gender/seg.sNj4gAryiVM_2041.97-2058.45.wav,M
922,/home/peterr/macocu/task11/data_gender/seg.5imR4d0-Rcc_4644.12-4648.97.wav,M
923,/home/peterr/macocu/task11/data_gender/seg.KFQYvnZe5F0_2592.1-2601.84.wav,M
924,/home/peterr/macocu/task11/data_gender/seg.cJuiEqOfbV8_13778.02-13797.87.wav,M
925,/home/peterr/macocu/task11/data_gender/seg.X_6fTHwFfpM_3632.85-3652.75.wav,M
926,/home/peterr/macocu/task11/data_gender/seg.-ZstXL0NcOo_6074.69-6093.25.wav,M
927,/home/peterr/macocu/task11/data_gender/seg.i2cfKyLYdWQ_4985.69-5005.02.wav,M
928,/home/peterr/macocu/task11/data_gender/seg.rC8whgT9jrU_13930.14-13949.68.wav,M
929,/home/peterr/macocu/task11/data_gender/seg.trR2lbmaJ4I_15661.73-15672.1.wav,M
930,/home/peterr/macocu/task11/data_gender/seg.y5LrUr3SHIg_4195.78-4203.08.wav,M
931,/home/peterr/macocu/task11/data_gender/seg.sdD4_tpoBNY_7045.65-7054.26.wav,M
932,/home/peterr/macocu/task11/data_gender/seg.JxzqEMWNUro_8601.75-8603.25.wav,M
933,/home/peterr/macocu/task11/data_gender/seg.IZ-yJBxvsVo_12552.87-12570.53.wav,M
934,/home/peterr/macocu/task11/data_gender/seg.bye8QTY36lg_7077.52-7096.54.wav,M
935,/home/peterr/macocu/task11/data_gender/seg.MpLv6KlBcpQ_20649.72-20653.97.wav,M
936,/home/peterr/macocu/task11/data_gender/seg.xkLml1cYbQw_1074.9-1079.24.wav,M
937,/home/peterr/macocu/task11/data_gender/seg.IRBTIpmhJe8_11761.22-11775.61.wav,M
938,/home/peterr/macocu/task11/data_gender/seg.-ZstXL0NcOo_5314.97-5334.25.wav,M
939,/home/peterr/macocu/task11/data_gender/seg.NPsx190XVAQ_1045.52-1052.9.wav,M
940,/home/peterr/macocu/task11/data_gender/seg.jgEFZDlBGYg_2373.65-2393.64.wav,M
941,/home/peterr/macocu/task11/data_gender/seg.vJ4gib9EDcU_9916.56-9936.08.wav,M
942,/home/peterr/macocu/task11/data_gender/seg.Pm2I_V_CTSQ_3214.05-3233.64.wav,M
943,/home/peterr/macocu/task11/data_gender/seg.3bkC9ujsy_o_6128.26-6148.06.wav,M
944,/home/peterr/macocu/task11/data_gender/seg.jgEFZDlBGYg_1998.86-2008.27.wav,M
945,/home/peterr/macocu/task11/data_gender/seg.IF1blZ6YSMA_7227.57-7247.33.wav,M
946,/home/peterr/macocu/task11/data_gender/seg.I3S2CKrrats_1846.23-1865.91.wav,M
947,/home/peterr/macocu/task11/data_gender/seg.MOOjWQIy7ZY_5376.25-5396.21.wav,M
948,/home/peterr/macocu/task11/data_gender/seg.08nTrgdbSeM_6408.67-6428.13.wav,M
949,/home/peterr/macocu/task11/data_gender/seg.xSErR_WVD4g_11444.65-11464.34.wav,M
950,/home/peterr/macocu/task11/data_gender/seg.jgEFZDlBGYg_2334.07-2353.88.wav,M
951,/home/peterr/macocu/task11/data_gender/seg.xSErR_WVD4g_11529.47-11541.28.wav,M
952,/home/peterr/macocu/task11/data_gender/seg.Bb47TxyW1do_7537.32-7557.07.wav,M
953,/home/peterr/macocu/task11/data_gender/seg.GedIwR0D7bc_15632.94-15652.51.wav,M
954,/home/peterr/macocu/task11/data_gender/seg.qWbLMM4HNvE_5488.59-5508.5.wav,M
955,/home/peterr/macocu/task11/data_gender/seg.hxSDE1AXaww_8313.56-8329.23.wav,M
956,/home/peterr/macocu/task11/data_gender/seg.qWbLMM4HNvE_13654.13-13661.57.wav,M
957,/home/peterr/macocu/task11/data_gender/seg.vRMwK8TW_tw_4447.29-4464.02.wav,M
958,/home/peterr/macocu/task11/data_gender/seg.TFTtk2nFs6I_18455.82-18475.31.wav,M
959,/home/peterr/macocu/task11/data_gender/seg.EdneBkSz0DA_12476.92-12496.72.wav,M
960,/home/peterr/macocu/task11/data_gender/seg.y1P0xTGUfkQ_9793.72-9813.33.wav,M
961,/home/peterr/macocu/task11/data_gender/seg.kFk5q_43y9k_3208.58-3214.52.wav,M
962,/home/peterr/macocu/task11/data_gender/seg.QvdQ6JlZ-uM_11500.03-11516.47.wav,M
963,/home/peterr/macocu/task11/data_gender/seg.eul4eKJoD-w_4763.47-4773.75.wav,M
964,/home/peterr/macocu/task11/data_gender/seg.QvdQ6JlZ-uM_12107.1-12126.61.wav,M
965,/home/peterr/macocu/task11/data_gender/seg.I3iN6Ty_pdY_13288.78-13299.22.wav,M
966,/home/peterr/macocu/task11/data_gender/seg.QvdQ6JlZ-uM_12798.53-12818.35.wav,M
967,/home/peterr/macocu/task11/data_gender/seg.Cfti-MnqY7U_17012.87-17027.21.wav,M
968,/home/peterr/macocu/task11/data_gender/seg.wOAqH3oeT98_6964.27-6979.88.wav,M
969,/home/peterr/macocu/task11/data_gender/seg.A44UFMcUAMU_2003.48-2023.05.wav,M
970,/home/peterr/macocu/task11/data_gender/seg.9iFCKtK5gdI_4522.81-4529.39.wav,M
971,/home/peterr/macocu/task11/data_gender/seg.bv67e1t69T8_2065.29-2080.4.wav,M
972,/home/peterr/macocu/task11/data_gender/seg.f9bYjY87cMI_2071.8-2082.45.wav,M
973,/home/peterr/macocu/task11/data_gender/seg.3yovjfGU6y4_17604.1-17613.17.wav,M
974,/home/peterr/macocu/task11/data_gender/seg.MLOFJlAByCI_251.0-257.7.wav,M
975,/home/peterr/macocu/task11/data_gender/seg.BLYQoy-9Y04_843.09-859.71.wav,M
976,/home/peterr/macocu/task11/data_gender/seg.x2t6FCoqJws_13381.4-13401.34.wav,M
977,/home/peterr/macocu/task11/data_gender/seg.y1P0xTGUfkQ_10215.12-10224.96.wav,M
978,/home/peterr/macocu/task11/data_gender/seg.IAOBdyNMgYQ_20036.94-20056.0.wav,M
979,/home/peterr/macocu/task11/data_gender/seg.HlauTe_NK6U_5170.06-5178.81.wav,M
980,/home/peterr/macocu/task11/data_gender/seg.LfkFqOr01h4_2136.52-2155.87.wav,M
981,/home/peterr/macocu/task11/data_gender/seg.Bb47TxyW1do_4200.01-4211.29.wav,M
982,/home/peterr/macocu/task11/data_gender/seg.Cfti-MnqY7U_10797.35-10817.09.wav,M
983,/home/peterr/macocu/task11/data_gender/seg.hABuzXDgV50_16016.11-16028.01.wav,M
984,/home/peterr/macocu/task11/data_gender/seg.Cfti-MnqY7U_11222.59-11235.41.wav,M
985,/home/peterr/macocu/task11/data_gender/seg.Kt0nJgPw41E_11516.54-11536.47.wav,M
986,/home/peterr/macocu/task11/data_gender/seg.1VEe0dkWXfc_8594.21-8614.17.wav,M
987,/home/peterr/macocu/task11/data_gender/seg._VTTkJdto-U_3392.73-3412.56.wav,M
988,/home/peterr/macocu/task11/data_gender/seg.xEa2KjNWHt0_9705.35-9725.29.wav,M
989,/home/peterr/macocu/task11/data_gender/seg.KnLfswocmwE_15456.47-15471.48.wav,M
990,/home/peterr/macocu/task11/data_gender/seg.BdKEjiXdnEc_18540.67-18560.6.wav,M
991,/home/peterr/macocu/task11/data_gender/seg.mGJ-n2xBISA_14162.96-14182.68.wav,M
992,/home/peterr/macocu/task11/data_gender/seg.aK2XWyzkG94_14755.23-14774.93.wav,M
993,/home/peterr/macocu/task11/data_gender/seg.eyv7y-kyI1E_1939.3-1959.14.wav,M
994,/home/peterr/macocu/task11/data_gender/seg.wAvVNgL6KOk_4084.67-4104.54.wav,M
995,/home/peterr/macocu/task11/data_gender/seg._VTTkJdto-U_3198.22-3218.01.wav,M
996,/home/peterr/macocu/task11/data_gender/seg.O-3YNW9gAaw_11238.3-11247.17.wav,M
997,/home/peterr/macocu/task11/data_gender/seg.Cfti-MnqY7U_13812.11-13826.78.wav,M
998,/home/peterr/macocu/task11/data_gender/seg.Kt0nJgPw41E_11086.67-11096.82.wav,M
999,/home/peterr/macocu/task11/data_gender/seg.AUZxNF3C_8A_12092.18-12111.89.wav,M
